alias	module	version_ref	before	after	latest_stable	latest_including_prerelease	status	source
android-gradle-api	com.android.tools.build:gradle-api	agp	9.4.0	9.5.0-alpha04	9.4.0	9.5.0-alpha04	LATEST_PUBLISHED	https://dl.google.com/dl/android/maven2/com/android/tools/build/gradle-api/maven-metadata.xml
kotlin-gradle-plugin-api	org.jetbrains.kotlin:kotlin-gradle-plugin-api	kotlin	2.4.10	2.4.20	2.4.20	2.4.20	LATEST_PUBLISHED	https://repo.maven.apache.org/maven2/org/jetbrains/kotlin/kotlin-gradle-plugin-api/maven-metadata.xml
asm	org.ow2.asm:asm	asm	9.10.1	9.10.1	9.10.1	9.10.1	LATEST_PUBLISHED	https://repo.maven.apache.org/maven2/org/ow2/asm/asm/maven-metadata.xml
androidx-compose-foundation-guarded	androidx.compose.foundation:foundation-android	composeFoundationGuard	1.12.0	1.13.0-alpha02	1.12.0	1.13.0-alpha02	LATEST_PUBLISHED	https://dl.google.com/dl/android/maven2/androidx/compose/foundation/foundation-android/maven-metadata.xml
androidx-core-ktx	androidx.core:core-ktx	coreKtx	1.19.0	1.19.0	1.19.0	1.19.0	LATEST_PUBLISHED	https://dl.google.com/dl/android/maven2/androidx/core/core-ktx/maven-metadata.xml
junit	junit:junit	junit	4.13.2	4.13.2	4.13.2	4.13.2	LATEST_PUBLISHED	https://repo.maven.apache.org/maven2/junit/junit/maven-metadata.xml
androidx-junit	androidx.test.ext:junit	junitVersion	1.3.0	1.3.0	1.3.0	1.3.0	LATEST_PUBLISHED	https://dl.google.com/dl/android/maven2/androidx/test/ext/junit/maven-metadata.xml
androidx-espresso-core	androidx.test.espresso:espresso-core	espressoCore	3.7.0	3.7.0	3.7.0	3.7.0	LATEST_PUBLISHED	https://dl.google.com/dl/android/maven2/androidx/test/espresso/espresso-core/maven-metadata.xml
androidx-appcompat	androidx.appcompat:appcompat	appcompat	1.8.0	1.8.0	1.8.0	1.8.0	LATEST_PUBLISHED	https://dl.google.com/dl/android/maven2/androidx/appcompat/appcompat/maven-metadata.xml
material	com.google.android.material:material	material	1.14.0	1.14.0	1.14.0	1.14.0	LATEST_PUBLISHED	https://dl.google.com/dl/android/maven2/com/google/android/material/material/maven-metadata.xml
androidx-activity-compose	androidx.activity:activity-compose	activityCompose	1.13.0	1.14.0-alpha01	1.13.0	1.14.0-alpha01	LATEST_PUBLISHED	https://dl.google.com/dl/android/maven2/androidx/activity/activity-compose/maven-metadata.xml
androidx-compose-bom	androidx.compose:compose-bom-alpha	composeBom	2026.08.00	2026.08.01	2026.08.01	2026.08.01	LATEST_PUBLISHED	https://dl.google.com/dl/android/maven2/androidx/compose/compose-bom-alpha/maven-metadata.xml
androidx-compose-ui	androidx.compose.ui:ui				1.12.0	1.13.0-alpha02	BOM_MANAGED	https://dl.google.com/dl/android/maven2/androidx/compose/ui/ui/maven-metadata.xml
androidx-compose-ui-graphics	androidx.compose.ui:ui-graphics				1.12.0	1.13.0-alpha02	BOM_MANAGED	https://dl.google.com/dl/android/maven2/androidx/compose/ui/ui-graphics/maven-metadata.xml
androidx-compose-ui-tooling	androidx.compose.ui:ui-tooling				1.12.0	1.13.0-alpha02	BOM_MANAGED	https://dl.google.com/dl/android/maven2/androidx/compose/ui/ui-tooling/maven-metadata.xml
androidx-compose-ui-tooling-preview	androidx.compose.ui:ui-tooling-preview				1.12.0	1.13.0-alpha02	BOM_MANAGED	https://dl.google.com/dl/android/maven2/androidx/compose/ui/ui-tooling-preview/maven-metadata.xml
androidx-compose-foundation	androidx.compose.foundation:foundation				1.12.0	1.13.0-alpha02	BOM_MANAGED	https://dl.google.com/dl/android/maven2/androidx/compose/foundation/foundation/maven-metadata.xml
androidx-compose-material3	androidx.compose.material3:material3				1.4.0	1.5.0-alpha27	BOM_MANAGED	https://dl.google.com/dl/android/maven2/androidx/compose/material3/material3/maven-metadata.xml
androidx-compose-material-icons	androidx.compose.material:material-icons-extended				1.7.8	1.7.8	BOM_MANAGED	https://dl.google.com/dl/android/maven2/androidx/compose/material/material-icons-extended/maven-metadata.xml
androidx-compose-ui-test-junit4	androidx.compose.ui:ui-test-junit4				1.12.0	1.13.0-alpha02	BOM_MANAGED	https://dl.google.com/dl/android/maven2/androidx/compose/ui/ui-test-junit4/maven-metadata.xml
androidx-compose-ui-test-manifest	androidx.compose.ui:ui-test-manifest				1.12.0	1.13.0-alpha02	BOM_MANAGED	https://dl.google.com/dl/android/maven2/androidx/compose/ui/ui-test-manifest/maven-metadata.xml
coil-compose	io.coil-kt:coil-compose	coil	2.7.0	2.7.0	2.7.0	2.7.0	LATEST_PUBLISHED	https://repo.maven.apache.org/maven2/io/coil-kt/coil-compose/maven-metadata.xml
coil3-compose	io.coil-kt.coil3:coil-compose	coil3	3.6.2	3.6.2	3.6.2	3.6.2	LATEST_PUBLISHED	https://repo.maven.apache.org/maven2/io/coil-kt/coil3/coil-compose/maven-metadata.xml
coil3-network-ktor	io.coil-kt.coil3:coil-network-ktor3	coil3	3.6.2	3.6.2	3.6.2	3.6.2	LATEST_PUBLISHED	https://repo.maven.apache.org/maven2/io/coil-kt/coil3/coil-network-ktor3/maven-metadata.xml
coil3-gif	io.coil-kt.coil3:coil-gif	coil3	3.6.2	3.6.2	3.6.2	3.6.2	LATEST_PUBLISHED	https://repo.maven.apache.org/maven2/io/coil-kt/coil3/coil-gif/maven-metadata.xml
coil3-video	io.coil-kt.coil3:coil-video	coil3	3.6.2	3.6.2	3.6.2	3.6.2	LATEST_PUBLISHED	https://repo.maven.apache.org/maven2/io/coil-kt/coil3/coil-video/maven-metadata.xml
ktor-client-core	io.ktor:ktor-client-core	ktor	3.5.2	3.5.2	3.5.2	3.5.2	LATEST_PUBLISHED	https://repo.maven.apache.org/maven2/io/ktor/ktor-client-core/maven-metadata.xml
ktor-client-darwin	io.ktor:ktor-client-darwin	ktor	3.5.2	3.5.2	3.5.2	3.5.2	LATEST_PUBLISHED	https://repo.maven.apache.org/maven2/io/ktor/ktor-client-darwin/maven-metadata.xml
ktor-client-mock	io.ktor:ktor-client-mock	ktor	3.5.2	3.5.2	3.5.2	3.5.2	LATEST_PUBLISHED	https://repo.maven.apache.org/maven2/io/ktor/ktor-client-mock/maven-metadata.xml
ktor-client-okhttp	io.ktor:ktor-client-okhttp	ktor	3.5.2	3.5.2	3.5.2	3.5.2	LATEST_PUBLISHED	https://repo.maven.apache.org/maven2/io/ktor/ktor-client-okhttp/maven-metadata.xml
androidx-datastore-preferences	androidx.datastore:datastore-preferences	datastore	1.2.1	1.3.0-alpha10	1.2.1	1.3.0-alpha10	LATEST_PUBLISHED	https://dl.google.com/dl/android/maven2/androidx/datastore/datastore-preferences/maven-metadata.xml
kotlinx-serialization-json	org.jetbrains.kotlinx:kotlinx-serialization-json	kotlinxSerializationJson	1.11.0	1.12.0-RC	1.11.0	1.12.0-RC	LATEST_PUBLISHED	https://repo.maven.apache.org/maven2/org/jetbrains/kotlinx/kotlinx-serialization-json/maven-metadata.xml
kotlinx-coroutines-core	org.jetbrains.kotlinx:kotlinx-coroutines-core	kotlinxCoroutines	1.11.0	1.11.0	1.11.0	1.11.0	LATEST_PUBLISHED	https://repo.maven.apache.org/maven2/org/jetbrains/kotlinx/kotlinx-coroutines-core/maven-metadata.xml
kotlinx-datetime	org.jetbrains.kotlinx:kotlinx-datetime	kotlinxDatetime	0.8.0	0.8.0	0.8.0	0.8.0-0.6.x-compat	LATEST_STANDARD_VARIANT	https://repo.maven.apache.org/maven2/org/jetbrains/kotlinx/kotlinx-datetime/maven-metadata.xml
jetbrains-compose-runtime	org.jetbrains.compose.runtime:runtime	composeMultiplatform	1.12.0	1.12.0	1.12.0	1.12.0	LATEST_PUBLISHED	https://repo.maven.apache.org/maven2/org/jetbrains/compose/runtime/runtime/maven-metadata.xml
jetbrains-compose-foundation	org.jetbrains.compose.foundation:foundation	composeMultiplatform	1.12.0	1.12.0	1.12.0	1.12.0	LATEST_PUBLISHED	https://repo.maven.apache.org/maven2/org/jetbrains/compose/foundation/foundation/maven-metadata.xml
jetbrains-compose-material3	org.jetbrains.compose.material3:material3	composeMultiplatformMaterial3	1.9.0	1.12.0-alpha03	1.9.0	1.12.0-alpha03	LATEST_PUBLISHED	https://repo.maven.apache.org/maven2/org/jetbrains/compose/material3/material3/maven-metadata.xml
jetbrains-compose-material-icons	org.jetbrains.compose.material:material-icons-extended	material-icons-extended	1.7.3	1.7.3	1.7.3	1.7.3	LATEST_PUBLISHED	https://repo.maven.apache.org/maven2/org/jetbrains/compose/material/material-icons-extended/maven-metadata.xml
jetbrains-compose-components-resources	org.jetbrains.compose.components:components-resources	composeMultiplatform	1.12.0	1.12.0	1.12.0	1.12.0	LATEST_PUBLISHED	https://repo.maven.apache.org/maven2/org/jetbrains/compose/components/components-resources/maven-metadata.xml
jetbrains-compose-components-ui-tooling-preview	org.jetbrains.compose.components:components-ui-tooling-preview	composeMultiplatform	1.12.0	1.12.0	1.12.0	1.12.0	LATEST_PUBLISHED	https://repo.maven.apache.org/maven2/org/jetbrains/compose/components/components-ui-tooling-preview/maven-metadata.xml
jetbrains-compose-preview	org.jetbrains.compose.ui:ui-tooling-preview	composeMultiplatform	1.12.0	1.12.0	1.12.0	1.12.0	LATEST_PUBLISHED	https://repo.maven.apache.org/maven2/org/jetbrains/compose/ui/ui-tooling-preview/maven-metadata.xml
jetbrains-compose-ui-tooling	org.jetbrains.compose.ui:ui-tooling	composeMultiplatform	1.12.0	1.12.0	1.12.0	1.12.0	LATEST_PUBLISHED	https://repo.maven.apache.org/maven2/org/jetbrains/compose/ui/ui-tooling/maven-metadata.xml
androidx-media3-exoplayer	androidx.media3:media3-exoplayer	media3	1.11.0	1.11.0	1.11.0	1.11.0	LATEST_PUBLISHED	https://dl.google.com/dl/android/maven2/androidx/media3/media3-exoplayer/maven-metadata.xml
androidx-media3-ui	androidx.media3:media3-ui	media3	1.11.0	1.11.0	1.11.0	1.11.0	LATEST_PUBLISHED	https://dl.google.com/dl/android/maven2/androidx/media3/media3-ui/maven-metadata.xml
firebase-bom	com.google.firebase:firebase-bom	firebase	34.18.0	34.18.0	34.18.0	34.18.0	LATEST_PUBLISHED	https://dl.google.com/dl/android/maven2/com/google/firebase/firebase-bom/maven-metadata.xml
firebase-analytics	com.google.firebase:firebase-analytics				23.2.0	23.2.0	BOM_MANAGED	https://dl.google.com/dl/android/maven2/com/google/firebase/firebase-analytics/maven-metadata.xml
firebase-crashlytics	com.google.firebase:firebase-crashlytics				20.1.0	20.1.0	BOM_MANAGED	https://dl.google.com/dl/android/maven2/com/google/firebase/firebase-crashlytics/maven-metadata.xml
firebase-performance	com.google.firebase:firebase-perf				22.0.6	22.0.6	BOM_MANAGED	https://dl.google.com/dl/android/maven2/com/google/firebase/firebase-perf/maven-metadata.xml
mlkit-genai-summarization	com.google.mlkit:genai-summarization	mlkitGenaiSummarization	1.0.0-beta1	1.0.0-beta1		1.0.0-beta1	LATEST_PUBLISHED	https://dl.google.com/dl/android/maven2/com/google/mlkit/genai-summarization/maven-metadata.xml
mlkit-genai-prompt	com.google.mlkit:genai-prompt	mlkitGenaiPrompt	1.0.0-beta4	1.0.0-beta4		1.0.0-beta4	LATEST_PUBLISHED	https://dl.google.com/dl/android/maven2/com/google/mlkit/genai-prompt/maven-metadata.xml
androidx-work-runtime-ktx	androidx.work:work-runtime-ktx	workManager	2.11.2	2.12.0-rc01	2.11.2	2.12.0-rc01	LATEST_PUBLISHED	https://dl.google.com/dl/android/maven2/androidx/work/work-runtime-ktx/maven-metadata.xml
androidx-documentfile	androidx.documentfile:documentfile	documentfile	1.1.0	1.1.0	1.1.0	1.1.0	LATEST_PUBLISHED	https://dl.google.com/dl/android/maven2/androidx/documentfile/documentfile/maven-metadata.xml
androidx-wear-compose-foundation	androidx.wear.compose:compose-foundation	wearCompose	1.6.2	1.7.0-beta02	1.6.2	1.7.0-beta02	LATEST_PUBLISHED	https://dl.google.com/dl/android/maven2/androidx/wear/compose/compose-foundation/maven-metadata.xml
androidx-wear-compose-material3	androidx.wear.compose:compose-material3	wearCompose	1.6.2	1.7.0-beta02	1.6.2	1.7.0-beta02	LATEST_PUBLISHED	https://dl.google.com/dl/android/maven2/androidx/wear/compose/compose-material3/maven-metadata.xml
androidx-wear-compose-ui-tooling	androidx.wear.compose:compose-ui-tooling	wearCompose	1.6.2	1.7.0-beta02	1.6.2	1.7.0-beta02	LATEST_PUBLISHED	https://dl.google.com/dl/android/maven2/androidx/wear/compose/compose-ui-tooling/maven-metadata.xml
androidx-wear-remote-interactions	androidx.wear:wear-remote-interactions	wearRemoteInteractions	1.2.0	1.3.0-alpha01	1.2.0	1.3.0-alpha01	LATEST_PUBLISHED	https://dl.google.com/dl/android/maven2/androidx/wear/wear-remote-interactions/maven-metadata.xml
play-services-wearable	com.google.android.gms:play-services-wearable	playServicesWearable	20.0.1	20.0.1	20.0.1	20.0.1	LATEST_PUBLISHED	https://dl.google.com/dl/android/maven2/com/google/android/gms/play-services-wearable/maven-metadata.xml
google-play-billing	com.android.billingclient:billing	playBilling	9.1.0	9.1.0	9.1.0	9.1.0	LATEST_PUBLISHED	https://dl.google.com/dl/android/maven2/com/android/billingclient/billing/maven-metadata.xml
google-play-app-update	com.google.android.play:app-update	playAppUpdate	2.1.0	2.1.0	2.1.0	2.1.0	LATEST_PUBLISHED	https://dl.google.com/dl/android/maven2/com/google/android/play/app-update/maven-metadata.xml
google-play-app-update-ktx	com.google.android.play:app-update-ktx	playAppUpdate	2.1.0	2.1.0	2.1.0	2.1.0	LATEST_PUBLISHED	https://dl.google.com/dl/android/maven2/com/google/android/play/app-update-ktx/maven-metadata.xml
guava	com.google.guava:guava	guava	33.7.1-android	33.7.1-android	33.7.1-android	33.7.1-jre	LATEST_ANDROID_VARIANT	https://repo.maven.apache.org/maven2/com/google/guava/guava/maven-metadata.xml
penfeizhou-animation-apng	com.github.penfeizhou.android.animation:apng	penfeizhouAnimation	3.0.5	3.0.5	3.0.5	3.0.5	LATEST_PUBLISHED	https://repo.maven.apache.org/maven2/com/github/penfeizhou/android/animation/apng/maven-metadata.xml
penfeizhou-animation-awebp	com.github.penfeizhou.android.animation:awebp	penfeizhouAnimation	3.0.5	3.0.5	3.0.5	3.0.5	LATEST_PUBLISHED	https://repo.maven.apache.org/maven2/com/github/penfeizhou/android/animation/awebp/maven-metadata.xml
androidx-benchmark-macro-junit4	androidx.benchmark:benchmark-macro-junit4	benchmark	1.4.1	1.5.0-rc02	1.4.1	1.5.0-rc02	LATEST_PUBLISHED	https://dl.google.com/dl/android/maven2/androidx/benchmark/benchmark-macro-junit4/maven-metadata.xml
androidx-profileinstaller	androidx.profileinstaller:profileinstaller	profileInstaller	1.4.1	1.4.1	1.4.1	1.4.1	LATEST_PUBLISHED	https://dl.google.com/dl/android/maven2/androidx/profileinstaller/profileinstaller/maven-metadata.xml
androidx-test-uiautomator	androidx.test.uiautomator:uiautomator	uiAutomator	2.4.0	2.4.0	2.4.0	2.4.0	LATEST_PUBLISHED	https://dl.google.com/dl/android/maven2/androidx/test/uiautomator/uiautomator/maven-metadata.xml
androidx-wear-tiles	androidx.wear.tiles:tiles	wearTiles	1.6.2	1.6.2	1.6.2	1.6.2	LATEST_PUBLISHED	https://dl.google.com/dl/android/maven2/androidx/wear/tiles/tiles/maven-metadata.xml
androidx-wear-tiles-renderer	androidx.wear.tiles:tiles-renderer	wearTiles	1.6.2	1.6.2	1.6.2	1.6.2	LATEST_PUBLISHED	https://dl.google.com/dl/android/maven2/androidx/wear/tiles/tiles-renderer/maven-metadata.xml
androidx-wear-protolayout	androidx.wear.protolayout:protolayout	wearProtolayout	1.4.2	1.4.2	1.4.2	1.4.2	LATEST_PUBLISHED	https://dl.google.com/dl/android/maven2/androidx/wear/protolayout/protolayout/maven-metadata.xml
androidx-wear-protolayout-material	androidx.wear.protolayout:protolayout-material	wearProtolayout	1.4.2	1.4.2	1.4.2	1.4.2	LATEST_PUBLISHED	https://dl.google.com/dl/android/maven2/androidx/wear/protolayout/protolayout-material/maven-metadata.xml
androidx-wear-protolayout-expression	androidx.wear.protolayout:protolayout-expression	wearProtolayout	1.4.2	1.4.2	1.4.2	1.4.2	LATEST_PUBLISHED	https://dl.google.com/dl/android/maven2/androidx/wear/protolayout/protolayout-expression/maven-metadata.xml
kotlin-test	org.jetbrains.kotlin:kotlin-test	kotlin	2.4.10	2.4.20	2.4.20	2.4.20	LATEST_PUBLISHED	https://repo.maven.apache.org/maven2/org/jetbrains/kotlin/kotlin-test/maven-metadata.xml
okhttp	com.squareup.okhttp3:okhttp	okhttp	5.5.0	5.5.0	5.5.0	5.5.0	LATEST_PUBLISHED	https://repo.maven.apache.org/maven2/com/squareup/okhttp3/okhttp/maven-metadata.xml
okio	com.squareup.okio:okio	okio	3.18.2	3.18.2	3.18.2	3.18.2	LATEST_PUBLISHED	https://repo.maven.apache.org/maven2/com/squareup/okio/okio/maven-metadata.xml
kotlinx-io-core	org.jetbrains.kotlinx:kotlinx-io-core	kotlinxIo	0.9.1	0.9.1	0.9.1	0.9.1	LATEST_PUBLISHED	https://repo.maven.apache.org/maven2/org/jetbrains/kotlinx/kotlinx-io-core/maven-metadata.xml
kotlinx-serialization-core	org.jetbrains.kotlinx:kotlinx-serialization-core	kotlinxSerializationJson	1.11.0	1.12.0-RC	1.11.0	1.12.0-RC	LATEST_PUBLISHED	https://repo.maven.apache.org/maven2/org/jetbrains/kotlinx/kotlinx-serialization-core/maven-metadata.xml
androidx-annotation	androidx.annotation:annotation	androidxAnnotation	1.10.0	1.11.0-alpha02	1.10.0	1.11.0-alpha02	LATEST_PUBLISHED	https://dl.google.com/dl/android/maven2/androidx/annotation/annotation/maven-metadata.xml
androidx-lifecycle-common	androidx.lifecycle:lifecycle-common	lifecycle	2.11.0	2.12.0-alpha02	2.11.0	2.12.0-alpha02	LATEST_PUBLISHED	https://dl.google.com/dl/android/maven2/androidx/lifecycle/lifecycle-common/maven-metadata.xml
androidx-lifecycle-runtime-compose	androidx.lifecycle:lifecycle-runtime-compose	lifecycle	2.11.0	2.12.0-alpha02	2.11.0	2.12.0-alpha02	LATEST_PUBLISHED	https://dl.google.com/dl/android/maven2/androidx/lifecycle/lifecycle-runtime-compose/maven-metadata.xml
androidx-test-core	androidx.test:core	androidxTestCore	1.7.0	1.7.0	1.7.0	1.7.0	LATEST_PUBLISHED	https://dl.google.com/dl/android/maven2/androidx/test/core/maven-metadata.xml
androidx-test-monitor	androidx.test:monitor	androidxTestMonitor	1.8.0	1.9.0-alpha01	1.8.0	1.9.0-alpha01	LATEST_PUBLISHED	https://dl.google.com/dl/android/maven2/androidx/test/monitor/maven-metadata.xml
play-services-tasks	com.google.android.gms:play-services-tasks	playServicesTasks	18.4.1	18.4.1	18.4.1	18.4.1	LATEST_PUBLISHED	https://dl.google.com/dl/android/maven2/com/google/android/gms/play-services-tasks/maven-metadata.xml
firebase-common	com.google.firebase:firebase-common				22.2.0	22.2.0	BOM_MANAGED	https://dl.google.com/dl/android/maven2/com/google/firebase/firebase-common/maven-metadata.xml
mlkit-common	com.google.mlkit:common	mlkitCommon	18.11.0	18.11.0	18.11.0	18.11.0	LATEST_PUBLISHED	https://dl.google.com/dl/android/maven2/com/google/mlkit/common/maven-metadata.xml
mlkit-genai-common	com.google.mlkit:genai-common	mlkitGenaiCommon	1.0.0-beta4	1.0.0-beta4		1.0.0-beta4	LATEST_PUBLISHED	https://dl.google.com/dl/android/maven2/com/google/mlkit/genai-common/maven-metadata.xml
penfeizhou-animation-core	com.github.penfeizhou.android.animation:frameanimation	penfeizhouAnimation	3.0.5	3.0.5	3.0.5	3.0.5	LATEST_PUBLISHED	https://repo.maven.apache.org/maven2/com/github/penfeizhou/android/animation/frameanimation/maven-metadata.xml
androidx-media3-common	androidx.media3:media3-common	media3	1.11.0	1.11.0	1.11.0	1.11.0	LATEST_PUBLISHED	https://dl.google.com/dl/android/maven2/androidx/media3/media3-common/maven-metadata.xml
androidx-media3-database	androidx.media3:media3-database	media3	1.11.0	1.11.0	1.11.0	1.11.0	LATEST_PUBLISHED	https://dl.google.com/dl/android/maven2/androidx/media3/media3-database/maven-metadata.xml
androidx-media3-datasource	androidx.media3:media3-datasource	media3	1.11.0	1.11.0	1.11.0	1.11.0	LATEST_PUBLISHED	https://dl.google.com/dl/android/maven2/androidx/media3/media3-datasource/maven-metadata.xml
coil3-core	io.coil-kt.coil3:coil-core	coil3	3.6.2	3.6.2	3.6.2	3.6.2	LATEST_PUBLISHED	https://repo.maven.apache.org/maven2/io/coil-kt/coil3/coil-core/maven-metadata.xml
coil3-compose-core	io.coil-kt.coil3:coil-compose-core	coil3	3.6.2	3.6.2	3.6.2	3.6.2	LATEST_PUBLISHED	https://repo.maven.apache.org/maven2/io/coil-kt/coil3/coil-compose-core/maven-metadata.xml
coil3-network-core	io.coil-kt.coil3:coil-network-core	coil3	3.6.2	3.6.2	3.6.2	3.6.2	LATEST_PUBLISHED	https://repo.maven.apache.org/maven2/io/coil-kt/coil3/coil-network-core/maven-metadata.xml
ktor-http	io.ktor:ktor-http	ktor	3.5.2	3.5.2	3.5.2	3.5.2	LATEST_PUBLISHED	https://repo.maven.apache.org/maven2/io/ktor/ktor-http/maven-metadata.xml
ktor-io	io.ktor:ktor-io	ktor	3.5.2	3.5.2	3.5.2	3.5.2	LATEST_PUBLISHED	https://repo.maven.apache.org/maven2/io/ktor/ktor-io/maven-metadata.xml
ktor-utils	io.ktor:ktor-utils	ktor	3.5.2	3.5.2	3.5.2	3.5.2	LATEST_PUBLISHED	https://repo.maven.apache.org/maven2/io/ktor/ktor-utils/maven-metadata.xml
jetbrains-compose-ui	org.jetbrains.compose.ui:ui	composeMultiplatform	1.12.0	1.12.0	1.12.0	1.12.0	LATEST_PUBLISHED	https://repo.maven.apache.org/maven2/org/jetbrains/compose/ui/ui/maven-metadata.xml
jetbrains-compose-ui-graphics	org.jetbrains.compose.ui:ui-graphics	composeMultiplatform	1.12.0	1.12.0	1.12.0	1.12.0	LATEST_PUBLISHED	https://repo.maven.apache.org/maven2/org/jetbrains/compose/ui/ui-graphics/maven-metadata.xml
jetbrains-compose-ui-text	org.jetbrains.compose.ui:ui-text	composeMultiplatform	1.12.0	1.12.0	1.12.0	1.12.0	LATEST_PUBLISHED	https://repo.maven.apache.org/maven2/org/jetbrains/compose/ui/ui-text/maven-metadata.xml
jetbrains-compose-ui-unit	org.jetbrains.compose.ui:ui-unit	composeMultiplatform	1.12.0	1.12.0	1.12.0	1.12.0	LATEST_PUBLISHED	https://repo.maven.apache.org/maven2/org/jetbrains/compose/ui/ui-unit/maven-metadata.xml
jetbrains-compose-ui-geometry	org.jetbrains.compose.ui:ui-geometry	composeMultiplatform	1.12.0	1.12.0	1.12.0	1.12.0	LATEST_PUBLISHED	https://repo.maven.apache.org/maven2/org/jetbrains/compose/ui/ui-geometry/maven-metadata.xml
jetbrains-compose-animation	org.jetbrains.compose.animation:animation	composeMultiplatform	1.12.0	1.12.0	1.12.0	1.12.0	LATEST_PUBLISHED	https://repo.maven.apache.org/maven2/org/jetbrains/compose/animation/animation/maven-metadata.xml
jetbrains-compose-animation-core	org.jetbrains.compose.animation:animation-core	composeMultiplatform	1.12.0	1.12.0	1.12.0	1.12.0	LATEST_PUBLISHED	https://repo.maven.apache.org/maven2/org/jetbrains/compose/animation/animation-core/maven-metadata.xml
jetbrains-compose-runtime-saveable	org.jetbrains.compose.runtime:runtime-saveable	composeMultiplatform	1.12.0	1.12.0	1.12.0	1.12.0	LATEST_PUBLISHED	https://repo.maven.apache.org/maven2/org/jetbrains/compose/runtime/runtime-saveable/maven-metadata.xml
androidx-compose-runtime	androidx.compose.runtime:runtime				1.12.0	1.13.0-alpha02	BOM_MANAGED	https://dl.google.com/dl/android/maven2/androidx/compose/runtime/runtime/maven-metadata.xml
androidx-compose-ui-text	androidx.compose.ui:ui-text				1.12.0	1.13.0-alpha02	BOM_MANAGED	https://dl.google.com/dl/android/maven2/androidx/compose/ui/ui-text/maven-metadata.xml
androidx-compose-ui-unit	androidx.compose.ui:ui-unit				1.12.0	1.13.0-alpha02	BOM_MANAGED	https://dl.google.com/dl/android/maven2/androidx/compose/ui/ui-unit/maven-metadata.xml
androidx-compose-ui-geometry	androidx.compose.ui:ui-geometry				1.12.0	1.13.0-alpha02	BOM_MANAGED	https://dl.google.com/dl/android/maven2/androidx/compose/ui/ui-geometry/maven-metadata.xml
androidx-compose-ui-test	androidx.compose.ui:ui-test				1.12.0	1.13.0-alpha02	BOM_MANAGED	https://dl.google.com/dl/android/maven2/androidx/compose/ui/ui-test/maven-metadata.xml
plugin-google-services	com.google.gms:google-services	gms	4.5.0	4.5.0	4.5.0	4.5.0	LATEST_PUBLISHED	https://dl.google.com/dl/android/maven2/com/google/gms/google-services/maven-metadata.xml
plugin-crashlytics	com.google.firebase:firebase-crashlytics-gradle	firebaseCrashlyticsGradle	3.0.8	3.0.8	3.0.8	3.0.8	LATEST_PUBLISHED	https://dl.google.com/dl/android/maven2/com/google/firebase/firebase-crashlytics-gradle/maven-metadata.xml
plugin-baselineprofile	androidx.benchmark:benchmark-baseline-profile-gradle-plugin	baselineProfilePlugin	1.5.0-rc02	1.5.0-rc02	1.4.1	1.5.0-rc02	LATEST_PUBLISHED	https://dl.google.com/dl/android/maven2/androidx/benchmark/benchmark-baseline-profile-gradle-plugin/maven-metadata.xml
marker-kotlin-multiplatform	org.jetbrains.kotlin.multiplatform:org.jetbrains.kotlin.multiplatform.gradle.plugin	kotlin	2.4.10	2.4.20	2.4.20	2.4.20	LATEST_PUBLISHED	https://repo.maven.apache.org/maven2/org/jetbrains/kotlin/multiplatform/org.jetbrains.kotlin.multiplatform.gradle.plugin/maven-metadata.xml
marker-kotlin-compose	org.jetbrains.kotlin.plugin.compose:org.jetbrains.kotlin.plugin.compose.gradle.plugin	kotlin	2.4.10	2.4.20	2.4.20	2.4.20	LATEST_PUBLISHED	https://repo.maven.apache.org/maven2/org/jetbrains/kotlin/plugin/compose/org.jetbrains.kotlin.plugin.compose.gradle.plugin/maven-metadata.xml
marker-compose-multiplatform	org.jetbrains.compose:org.jetbrains.compose.gradle.plugin	composeMultiplatform	1.12.0	1.12.0	1.12.0	1.12.0	LATEST_PUBLISHED	https://repo.maven.apache.org/maven2/org/jetbrains/compose/org.jetbrains.compose.gradle.plugin/maven-metadata.xml
marker-kotlin-serialization	org.jetbrains.kotlin.plugin.serialization:org.jetbrains.kotlin.plugin.serialization.gradle.plugin	kotlin	2.4.10	2.4.20	2.4.20	2.4.20	LATEST_PUBLISHED	https://repo.maven.apache.org/maven2/org/jetbrains/kotlin/plugin/serialization/org.jetbrains.kotlin.plugin.serialization.gradle.plugin/maven-metadata.xml
marker-android-kotlin-multiplatform-library	com.android.kotlin.multiplatform.library:com.android.kotlin.multiplatform.library.gradle.plugin	agp	9.4.0	9.5.0-alpha04	9.4.0	9.5.0-alpha04	LATEST_PUBLISHED	https://dl.google.com/dl/android/maven2/com/android/kotlin/multiplatform/library/com.android.kotlin.multiplatform.library.gradle.plugin/maven-metadata.xml
marker-android-library	com.android.library:com.android.library.gradle.plugin	agp	9.4.0	9.5.0-alpha04	9.4.0	9.5.0-alpha04	LATEST_PUBLISHED	https://dl.google.com/dl/android/maven2/com/android/library/com.android.library.gradle.plugin/maven-metadata.xml
marker-android-application	com.android.application:com.android.application.gradle.plugin	agp	9.4.0	9.5.0-alpha04	9.4.0	9.5.0-alpha04	LATEST_PUBLISHED	https://dl.google.com/dl/android/maven2/com/android/application/com.android.application.gradle.plugin/maven-metadata.xml
marker-android-test	com.android.test:com.android.test.gradle.plugin	agp	9.4.0	9.5.0-alpha04	9.4.0	9.5.0-alpha04	LATEST_PUBLISHED	https://dl.google.com/dl/android/maven2/com/android/test/com.android.test.gradle.plugin/maven-metadata.xml
marker-androidx-baselineprofile	androidx.baselineprofile:androidx.baselineprofile.gradle.plugin	baselineProfilePlugin	1.5.0-rc02	1.5.0-rc02	1.4.1	1.5.0-rc02	LATEST_PUBLISHED	https://dl.google.com/dl/android/maven2/androidx/baselineprofile/androidx.baselineprofile.gradle.plugin/maven-metadata.xml
marker-google-services	com.google.gms.google-services:com.google.gms.google-services.gradle.plugin	gms	4.5.0	4.5.0	4.5.0	4.5.0	LATEST_PUBLISHED	https://dl.google.com/dl/android/maven2/com/google/gms/google-services/com.google.gms.google-services.gradle.plugin/maven-metadata.xml
marker-firebase-crashlytics	com.google.firebase.crashlytics:com.google.firebase.crashlytics.gradle.plugin	firebaseCrashlyticsGradle	3.0.8	3.0.8	3.0.8	3.0.8	LATEST_PUBLISHED	https://dl.google.com/dl/android/maven2/com/google/firebase/crashlytics/com.google.firebase.crashlytics.gradle.plugin/maven-metadata.xml
marker-kotlin-cocoapods	org.jetbrains.kotlin.native.cocoapods:org.jetbrains.kotlin.native.cocoapods.gradle.plugin	kotlin	2.4.10	2.4.20	2.4.20	2.4.20	LATEST_PUBLISHED	https://repo.maven.apache.org/maven2/org/jetbrains/kotlin/native/cocoapods/org.jetbrains.kotlin.native.cocoapods.gradle.plugin/maven-metadata.xml
