layout	reference_apks	old_variants	final_variants	old_sha256	final_sha256	area	audit_status	evidence
activity_app_background_setting	BOTH	1	1	a172373af58c0016d215e68d0de829511ace32f876e22e631160804a4bc35225	a172373af58c0016d215e68d0de829511ace32f876e22e631160804a4bc35225	SETTINGS	MATCH	app-android/src/androidTest/java/com/valoser/futacha/CompatSettingsSchemaInstrumentedTest.kt#rootSettingsKeepReferenceRowsAndPutCurrentFeaturesInTheExtensionSection
activity_app_control_setting	BOTH	1	1	cbde7d2b678313dac34a6d2f52ab91b00fd94d6a7b48f4540c70f2b1f53fd656	cbde7d2b678313dac34a6d2f52ab91b00fd94d6a7b48f4540c70f2b1f53fd656	SETTINGS	MATCH	app-android/src/androidTest/java/com/valoser/futacha/CompatSettingsSchemaInstrumentedTest.kt#rootSettingsKeepReferenceRowsAndPutCurrentFeaturesInTheExtensionSection
activity_app_design_setting	BOTH	1	1	e878c77e0c7d3ebc0b9a362198358b3197c3914f9b6bb00ac0640dc2af2d2e93	e878c77e0c7d3ebc0b9a362198358b3197c3914f9b6bb00ac0640dc2af2d2e93	SETTINGS	MATCH	app-android/src/androidTest/java/com/valoser/futacha/CompatSettingsSchemaInstrumentedTest.kt#rootSettingsKeepReferenceRowsAndPutCurrentFeaturesInTheExtensionSection
activity_app_network_setting	BOTH	1	1	fb795cecd2b7241a8bac2eb1220149f3fb7f0003f5b2dcdbef9bdb06c4291c3a	fb795cecd2b7241a8bac2eb1220149f3fb7f0003f5b2dcdbef9bdb06c4291c3a	SETTINGS	MATCH	app-android/src/androidTest/java/com/valoser/futacha/CompatSettingsSchemaInstrumentedTest.kt#rootSettingsKeepReferenceRowsAndPutCurrentFeaturesInTheExtensionSection
activity_app_setting	BOTH	1	1	1f2859fb8269128e55244a71c8fde9d3f1fe3e404cd32182c01102f8043fc960	1f2859fb8269128e55244a71c8fde9d3f1fe3e404cd32182c01102f8043fc960	SETTINGS	MATCH	app-android/src/androidTest/java/com/valoser/futacha/CompatSettingsSchemaInstrumentedTest.kt#rootSettingsKeepReferenceRowsAndPutCurrentFeaturesInTheExtensionSection
activity_app_storage_setting	BOTH	1	1	93bb1de6fb0c997e0875480b94def853eae66841fa67e1e45342b7d0288ddddf	93bb1de6fb0c997e0875480b94def853eae66841fa67e1e45342b7d0288ddddf	SETTINGS	MATCH	app-android/src/androidTest/java/com/valoser/futacha/CompatSettingsSchemaInstrumentedTest.kt#rootSettingsKeepReferenceRowsAndPutCurrentFeaturesInTheExtensionSection
activity_catalog_above	BOTH	1	1	a03dc1f06fea9130369120c1d2be3323d9c749a235a4dd05c104aa70769c0a5e	e5dd732c27136652dd1e05efe0869b097540bed4e754835f8c107739ac640a06	CATALOG	MATCH	app-android/src/androidTest/java/com/valoser/futacha/CompatSettingsSchemaInstrumentedTest.kt#catalogDisplaySwitchShowsCenteredLoadingIndicatorUntilNewLayoutIsReady
activity_catalog_dropped	FINAL_ONLY	0	1	-	6a626de7dbfec5c8149a0af9110a3b9a493f605c090185d01a84e77fcb2aac20	CATALOG_DROPPED	MATCH	app-android/src/androidTest/java/com/valoser/futacha/CompatSettingsSchemaInstrumentedTest.kt#catalogDroppedCommandShowsTrackedThreadAndKeepsCurrentCatalog
activity_catalog_extract	BOTH	1	1	9a426080d99a7f1fbbaee1ca584a23fcc3dc2c94466b545564599519f1b0f269	9a426080d99a7f1fbbaee1ca584a23fcc3dc2c94466b545564599519f1b0f269	CATALOG_NG	MATCH	app-android/src/androidTest/java/com/valoser/futacha/CompatSettingsSchemaInstrumentedTest.kt#catalogExtractReferenceScreenUsesDirectActivityFlowAndExactDialogs
activity_catalog_ignore	BOTH	1	1	a89c297f0e6d386f7e9136b0810457fffbb1f652525803fa7e5b11c46a2481bb	a89c297f0e6d386f7e9136b0810457fffbb1f652525803fa7e5b11c46a2481bb	CATALOG_NG	MATCH	app-android/src/androidTest/java/com/valoser/futacha/CompatSettingsSchemaInstrumentedTest.kt#catalogIgnoreReferenceScreenUsesAliasesScopeIconsAndExactEditors
activity_catalog_over	BOTH	1	1	cc5ef504553ebe7ba39d9cb1bcacaf5d6a92ca948fb1f448fefc07d54b3a85aa	bc340069d4a024af254f04fd21024f1150328889581247a7504a0ae338c43fe0	CATALOG	MATCH	app-android/src/androidTest/java/com/valoser/futacha/CompatSettingsSchemaInstrumentedTest.kt#catalogDisplaySwitchShowsCenteredLoadingIndicatorUntilNewLayoutIsReady
activity_catalog_refuse	BOTH	1	1	991971c612e01b3896cb701fb688bbd0bf70f17760b441a137d25d24d43089c0	991971c612e01b3896cb701fb688bbd0bf70f17760b441a137d25d24d43089c0	CATALOG_NG	MATCH	app-android/src/androidTest/java/com/valoser/futacha/CompatSettingsSchemaInstrumentedTest.kt#catalogRefuseReferenceScreenShowsTitleUrlAndConfirmsEveryDeletion
activity_catalog_setting	BOTH	1	1	c097f8a2f9fb752b715dfbc0deeb05e787adc57f8beab23a5ab6ff6bf459d9aa	c097f8a2f9fb752b715dfbc0deeb05e787adc57f8beab23a5ab6ff6bf459d9aa	SETTINGS	MATCH	app-android/src/androidTest/java/com/valoser/futacha/CompatSettingsSchemaInstrumentedTest.kt#rootSettingsKeepReferenceRowsAndPutCurrentFeaturesInTheExtensionSection
activity_catalog_toolbar	BOTH	1	1	d81d04c9824b2d205eb826ed61a08aa37a6092412f943752a9b78eb6b3092072	d81d04c9824b2d205eb826ed61a08aa37a6092412f943752a9b78eb6b3092072	CATALOG_TOOLBAR	MATCH	app-android/src/androidTest/java/com/valoser/futacha/CompatSettingsSchemaInstrumentedTest.kt#allReferenceToolbarEditorsUseTwoBottomPreviewsAndPersistImmediately
activity_custom_font	FINAL_ONLY	1	1	c5c7b9322a0744c349a153a6362ee35932032828e1ff3912530e0deed840550a	83b0db16abe9c40cd08c9a6605f6fef397ccffb0f95123bb6f0cfaf9e88d4211	SETTINGS	MATCH	app-android/src/androidTest/java/com/valoser/futacha/CompatSettingsSchemaInstrumentedTest.kt#rootSettingsKeepReferenceRowsAndPutCurrentFeaturesInTheExtensionSection
activity_download_dir	FINAL_ONLY	1	1	87d0853e97d68f0a7af753de775ce65a68e5d0ae52868edd0096d22c8c213d08	543a0ac4878b19e47c886ebd280a731d724f31a621b4ad9d04f4e86109bb5314	STORAGE	MATCH	app-android/src/androidTest/java/com/valoser/futacha/CompatSettingsSchemaInstrumentedTest.kt#storageMatchesReferenceRowsDialogsRawValuesAndSeparateCacheUsage
activity_gallery	BOTH	1	1	eabb253cb79b736351bab2d129acc351e0c42e31df814bd63ba6340454bf7cfb	eabb253cb79b736351bab2d129acc351e0c42e31df814bd63ba6340454bf7cfb	GALLERY	MATCH	app-android/src/androidTest/java/com/valoser/futacha/CompatSettingsSchemaInstrumentedTest.kt#galleryMatchesApkSquareGridSaveModeAndOverflowCommands
activity_help	BOTH	1	1	407ee4eb331aa040bae733fa6701d7e83c7d1f6841d8988caff47f79f8b40450	407ee4eb331aa040bae733fa6701d7e83c7d1f6841d8988caff47f79f8b40450	INFO	MATCH	app-android/src/androidTest/java/com/valoser/futacha/CompatSettingsSchemaInstrumentedTest.kt#informationScreensUseFutachaHistoryAndCurrentLicenses
activity_image_ng	FINAL_ONLY	0	1	-	467e0723c7fbe027354425e9e254b064f375d9bcb87d745a7d055664c7991cc7	IMAGE_NG	MATCH	app-android/src/androidTest/java/com/valoser/futacha/CompatSettingsSchemaInstrumentedTest.kt#imageNgManagerUnifiesUrlAndPhashRowsWithReferenceEditorThresholdAndClear
activity_license	BOTH	1	1	5b8393d38fe0b47398ba100e5c574b9edb2eee1dc4892baf070c47842cd97f94	5b8393d38fe0b47398ba100e5c574b9edb2eee1dc4892baf070c47842cd97f94	INFO	MATCH	app-android/src/androidTest/java/com/valoser/futacha/CompatSettingsSchemaInstrumentedTest.kt#informationScreensUseFutachaHistoryAndCurrentLicenses
activity_main	BOTH	1	1	0a68d05bb1f94f6fff3024e2a0dc7c36c821463e76115ecfb71f38015188f166	c7d289cbd9d51702d2bcdc0e2dc07bc54df1b9a79c2377ba25ee2720e88bae6a	BOARD	MATCH	app-android/src/androidTest/java/com/valoser/futacha/CompatSettingsSchemaInstrumentedTest.kt#mainBoardDialogsMatchReferenceAndPersistAddEditDelete
activity_post_build	BOTH	1	1	ad6ca39c0c275f0c11b11b67c9f2243918a4f0a5a1412f5fe3ff8f2954f3c243	ad6ca39c0c275f0c11b11b67c9f2243918a4f0a5a1412f5fe3ff8f2954f3c243	POST	MATCH	app-android/src/androidTest/java/com/valoser/futacha/CompatSettingsSchemaInstrumentedTest.kt#postValidationMessagesMatchBothReferenceApks
activity_post_drawing	BOTH	1	1	8ff81ee2d1dbafa8c8a6bdac2a768e8948a5eb0c0e2fb4be19a67bed83935ef6	8ff81ee2d1dbafa8c8a6bdac2a768e8948a5eb0c0e2fb4be19a67bed83935ef6	POST_DRAWING	MATCH	app-android/src/androidTest/java/com/valoser/futacha/CompatSettingsSchemaInstrumentedTest.kt#postDrawingDialogsBrushesAndHelpMatchBothReferenceApks
activity_post_response	BOTH	1	1	a6e657fc15fd1adddc03cc800901fb573bfff033a4719f77b59bc8b3c8f2b580	a6e657fc15fd1adddc03cc800901fb573bfff033a4719f77b59bc8b3c8f2b580	POST	MATCH	app-android/src/androidTest/java/com/valoser/futacha/CompatSettingsSchemaInstrumentedTest.kt#postValidationMessagesMatchBothReferenceApks
activity_post_toolbar	BOTH	1	1	65b244940401874196ee20b8ae605c8c7fba71036b8be50605a428347d3a21e4	65b244940401874196ee20b8ae605c8c7fba71036b8be50605a428347d3a21e4	POST_TOOLBAR	MATCH	app-android/src/androidTest/java/com/valoser/futacha/CompatSettingsSchemaInstrumentedTest.kt#allReferenceToolbarEditorsUseTwoBottomPreviewsAndPersistImmediately
activity_thread_ignore	BOTH	1	1	528aa6b2602087cad10629aab4af3ad59340b5fcff240dcb87e258e2d62f2831	528aa6b2602087cad10629aab4af3ad59340b5fcff240dcb87e258e2d62f2831	THREAD_NG	MATCH	app-android/src/androidTest/java/com/valoser/futacha/CompatSettingsSchemaInstrumentedTest.kt#threadReferenceNgManagersMatchDedicatedActivitiesScopesEditorsAndGlobalClear
activity_thread_refuse	BOTH	1	1	be0fa5a43b3c2215079b5acdeabf0be964961a6cc17baba8d69fea9469b27e43	be0fa5a43b3c2215079b5acdeabf0be964961a6cc17baba8d69fea9469b27e43	THREAD_NG	MATCH	app-android/src/androidTest/java/com/valoser/futacha/CompatSettingsSchemaInstrumentedTest.kt#threadReferenceNgManagersMatchDedicatedActivitiesScopesEditorsAndGlobalClear
activity_thread_setting	BOTH	1	1	e4f867edecfc417132a5e696ebe7ad8170ab41d69f4b8b8369aff28eef2c2663	e4f867edecfc417132a5e696ebe7ad8170ab41d69f4b8b8369aff28eef2c2663	SETTINGS	MATCH	app-android/src/androidTest/java/com/valoser/futacha/CompatSettingsSchemaInstrumentedTest.kt#rootSettingsKeepReferenceRowsAndPutCurrentFeaturesInTheExtensionSection
activity_thread_tab_above	BOTH	1	1	99f740d058360406344393e72b2745c92c566e55dd273050a2a0987aa5958594	14f013611b46a8c457bf7aef32586c302544948a8f79631fc0a85b1de9452768	THREAD_TABS	MATCH	app-android/src/androidTest/java/com/valoser/futacha/CompatSettingsSchemaInstrumentedTest.kt#threadPagerSwipeSelectsAdjacentTabAndRestoresEachTabScrollState
activity_thread_tab_over	BOTH	1	1	dc2e71250fad99da95c65533d1bcded030e4661da8c65312657329fdcdaffd66	b8be1b8cf95b8287eb179fe9c4a91198b4f46434a2dcbe2cf895ea3927b65ba8	THREAD_TABS	MATCH	app-android/src/androidTest/java/com/valoser/futacha/CompatSettingsSchemaInstrumentedTest.kt#threadPagerSwipeSelectsAdjacentTabAndRestoresEachTabScrollState
activity_thread_toolbar	BOTH	1	1	6f4c37b7d9266e60425e98fd08c58ddd044df40f63772d4baea2dc8c76c1f179	6f4c37b7d9266e60425e98fd08c58ddd044df40f63772d4baea2dc8c76c1f179	THREAD_TOOLBAR	MATCH	app-android/src/androidTest/java/com/valoser/futacha/CompatSettingsSchemaInstrumentedTest.kt#allReferenceToolbarEditorsUseTwoBottomPreviewsAndPersistImmediately
activity_viewer	BOTH	1	1	60a0147e31b21fec100c27cd7353cea6b2a460111194c1a48f716f4bb345ddeb	098bb27395c1ef8bdd853b9a8440e11ecd7c16a95a2b9be148f0a5d594e50e26	VIEWER	MATCH	app-android/src/androidTest/java/com/valoser/futacha/CompatViewerGestureInstrumentedTest.kt#viewerSwipeMovesToNextAndPreviousImage
activity_viewer_setting	BOTH	1	1	91b061fd3fcf1c65353c2a89ef555ffd9f1c812a763e8c9955285d2d8064df62	91b061fd3fcf1c65353c2a89ef555ffd9f1c812a763e8c9955285d2d8064df62	SETTINGS	MATCH	app-android/src/androidTest/java/com/valoser/futacha/CompatSettingsSchemaInstrumentedTest.kt#rootSettingsKeepReferenceRowsAndPutCurrentFeaturesInTheExtensionSection
activity_viewer_toolbar	BOTH	1	1	1120b60282e8fe4a570341474c44a19f5166311f84b98a8fd548a7b10b4f8337	1120b60282e8fe4a570341474c44a19f5166311f84b98a8fd548a7b10b4f8337	VIEWER_TOOLBAR	MATCH	app-android/src/androidTest/java/com/valoser/futacha/CompatSettingsSchemaInstrumentedTest.kt#allReferenceToolbarEditorsUseTwoBottomPreviewsAndPersistImmediately
board_dialog_add	BOTH	1	1	a9c1ff60382a4f7465b597b36051a592f878ddf09867f5ffab6ce684317a5526	a9c1ff60382a4f7465b597b36051a592f878ddf09867f5ffab6ce684317a5526	BOARD	MATCH	app-android/src/androidTest/java/com/valoser/futacha/CompatSettingsSchemaInstrumentedTest.kt#mainBoardDialogsMatchReferenceAndPersistAddEditDelete
board_dialog_edit	BOTH	1	1	b3239d851b73c82d602fbba91386dc5c1a6b49a4f533a2f8a7177bc3859bb7c0	b3239d851b73c82d602fbba91386dc5c1a6b49a4f533a2f8a7177bc3859bb7c0	BOARD	MATCH	app-android/src/androidTest/java/com/valoser/futacha/CompatSettingsSchemaInstrumentedTest.kt#mainBoardDialogsMatchReferenceAndPersistAddEditDelete
board_dialog_update	BOTH	1	1	3746d1066af696a2271417fe838122d46e3160597211b9977adbd62916308dec	3746d1066af696a2271417fe838122d46e3160597211b9977adbd62916308dec	BOARD	MATCH	app-android/src/androidTest/java/com/valoser/futacha/CompatSettingsSchemaInstrumentedTest.kt#mainBoardDialogsMatchReferenceAndPersistAddEditDelete
board_listview_fragment	BOTH	1	1	4376e10079bb51604a7239416151dc965965bc5194628466b79c4181bfe28f45	9d6ad2ccff217db9256a1d4978db57d94d6f458bfe12b842180ce44569d0e160	BOARD	MATCH	app-android/src/androidTest/java/com/valoser/futacha/CompatSettingsSchemaInstrumentedTest.kt#mainBoardDialogsMatchReferenceAndPersistAddEditDelete
board_listview_item	BOTH	1	1	1dc05fe068bcba477792f738ecf859908d8d01783f48fb644de4f7e4c0fc8c91	1dc05fe068bcba477792f738ecf859908d8d01783f48fb644de4f7e4c0fc8c91	BOARD	MATCH	app-android/src/androidTest/java/com/valoser/futacha/CompatSettingsSchemaInstrumentedTest.kt#mainBoardDialogsMatchReferenceAndPersistAddEditDelete
catalog_cache_search_dialog	BOTH	1	1	a67a22ba80c1ba2d817b3106dfa9c7ae81a79c795e74d9adfa4cf8f061089b91	fdb6dbb4683ac8ab9dfbed371eb17165ffe5c23582defbd73ff3ab68c6b102fa	CATALOG_SEARCH	MATCH	shared/src/commonTest/kotlin/ui/compat/CompatCatalogCacheSearchDialogTest.kt#switchingFromAndBackToOrUsesStableBaseResults
catalog_cache_search_keyword_history_listview_item	FINAL_ONLY	0	1	-	938282f7d5bb35087c2df71eb1053f575dd82aa2f190a7e21f69d20875beb608	CATALOG_SEARCH	MATCH	shared/src/commonTest/kotlin/ui/compat/CompatCatalogCacheSearchDialogTest.kt#switchingFromAndBackToOrUsesStableBaseResults
catalog_cache_search_listview_item	BOTH	1	1	4bc57538bea33b38a67c329e239eb361082bf4e1c615f761e7450070b429480d	4bc57538bea33b38a67c329e239eb361082bf4e1c615f761e7450070b429480d	CATALOG_SEARCH	MATCH	shared/src/commonTest/kotlin/ui/compat/CompatCatalogCacheSearchDialogTest.kt#switchingFromAndBackToOrUsesStableBaseResults
catalog_dropped_listview_header	FINAL_ONLY	0	1	-	6352951cba5a1fad559b91aa9e3775a79accc68725a55bff01ab4df4bc2100fc	CATALOG_DROPPED	MATCH	app-android/src/androidTest/java/com/valoser/futacha/CompatSettingsSchemaInstrumentedTest.kt#catalogDroppedCommandShowsTrackedThreadAndKeepsCurrentCatalog
catalog_dropped_listview_item	FINAL_ONLY	0	1	-	f606df2fa6e4d970f7644d39173122719c2d840fe9e6f16dee1ce72c9b469e75	CATALOG_DROPPED	MATCH	app-android/src/androidTest/java/com/valoser/futacha/CompatSettingsSchemaInstrumentedTest.kt#catalogDroppedCommandShowsTrackedThreadAndKeepsCurrentCatalog
catalog_extract_dialog_add	BOTH	1	1	3bf01eee2727093e97ff300bba67f72721899936adcb27e800060f489cee811b	4ce36dc8877d137f66c001951ae0cb30e84a8f06a52b18d5399fe3afd9b8bcc8	CATALOG_NG	MATCH	app-android/src/androidTest/java/com/valoser/futacha/CompatSettingsSchemaInstrumentedTest.kt#catalogExtractReferenceScreenUsesDirectActivityFlowAndExactDialogs
catalog_extract_dialog_edit	BOTH	1	1	c45565693624ea8aaf271ec20171bb04057bd255172eba6fc6b525918d952ccd	07f6e85be4244e2c1b304b34d9658f6d9b66f96192ac8c4554690796534933c1	CATALOG_NG	MATCH	app-android/src/androidTest/java/com/valoser/futacha/CompatSettingsSchemaInstrumentedTest.kt#catalogExtractReferenceScreenUsesDirectActivityFlowAndExactDialogs
catalog_extract_list_item	BOTH	1	1	ef1d84726664a9c1c7422dabb852832581a37a48e429f717b3a15e4831e19725	326a2d54b880537be6d4a5f7633f2741f214e63721e80773953b503f86d7b732	CATALOG_NG	MATCH	app-android/src/androidTest/java/com/valoser/futacha/CompatSettingsSchemaInstrumentedTest.kt#catalogExtractReferenceScreenUsesDirectActivityFlowAndExactDialogs
catalog_fragment	BOTH	1	1	b5b2bba2f8d1db154da0420ee8c27216271b9a37845a4c4b3635ca2993526521	b5b2bba2f8d1db154da0420ee8c27216271b9a37845a4c4b3635ca2993526521	CATALOG	MATCH	app-android/src/androidTest/java/com/valoser/futacha/CompatSettingsSchemaInstrumentedTest.kt#catalogDisplaySwitchShowsCenteredLoadingIndicatorUntilNewLayoutIsReady
catalog_gridview_item	BOTH	1	1	98ae42985182b5efb1e951eb1441f5305777be41f96f3a4076ab4772360908ed	98ae42985182b5efb1e951eb1441f5305777be41f96f3a4076ab4772360908ed	CATALOG	MATCH	app-android/src/androidTest/java/com/valoser/futacha/CompatSettingsSchemaInstrumentedTest.kt#catalogDisplaySwitchShowsCenteredLoadingIndicatorUntilNewLayoutIsReady
catalog_gridview_item_multi_line	BOTH	1	1	34a3a6e3adbb5b37b15590ceb6f93e0eccd082191fa031ac24b10e11a68dbc1f	34a3a6e3adbb5b37b15590ceb6f93e0eccd082191fa031ac24b10e11a68dbc1f	CATALOG	MATCH	app-android/src/androidTest/java/com/valoser/futacha/CompatSettingsSchemaInstrumentedTest.kt#catalogDisplaySwitchShowsCenteredLoadingIndicatorUntilNewLayoutIsReady
catalog_ignore_dialog_add	BOTH	1	1	1f2da351c5f859102a2e861c9cba097f6beea8e94fe23d32a2acd1de7ecce445	b5d053e0479bfe2896263742481c6522f67532727dffe562cf8f1b02bb57a169	CATALOG_NG	MATCH	app-android/src/androidTest/java/com/valoser/futacha/CompatSettingsSchemaInstrumentedTest.kt#catalogIgnoreReferenceScreenUsesAliasesScopeIconsAndExactEditors
catalog_ignore_dialog_edit	BOTH	1	1	05912deecb66c1f23af378bb2b1a2079a0df860e20b961a505e486ca83871505	0f2840f97f34ba12fdd9582ee5152fc4885f58b4a6dbd5c802f360728125b635	CATALOG_NG	MATCH	app-android/src/androidTest/java/com/valoser/futacha/CompatSettingsSchemaInstrumentedTest.kt#catalogIgnoreReferenceScreenUsesAliasesScopeIconsAndExactEditors
catalog_ignore_list_item	BOTH	1	1	6f8a92b1d77c530f39c4955be58e88937b5a87ce9bc00e4b7e8b6e76a6054a90	2468c46c0bc139d3aa846c92c08c3ea0a5fbf2d3ace8647f249339817d84f3a9	CATALOG_NG	MATCH	app-android/src/androidTest/java/com/valoser/futacha/CompatSettingsSchemaInstrumentedTest.kt#catalogIgnoreReferenceScreenUsesAliasesScopeIconsAndExactEditors
catalog_listview_item	BOTH	1	1	858b45d572cd7dc9dfcd16e6c4562aa7946a0c8cd051be4a7555f0578ee6db9e	c131b66a44d4a9e654b94cb8844de50a999274631509ee8266d650d63a4eeaef	CATALOG	MATCH	app-android/src/androidTest/java/com/valoser/futacha/CompatSettingsSchemaInstrumentedTest.kt#catalogDisplaySwitchShowsCenteredLoadingIndicatorUntilNewLayoutIsReady
catalog_refuse_list_item	BOTH	1	1	65bb4a0cbe0be28fb076c0b31f7b7a744efe66f8c992da8cf9b90aad0d9e4392	a3b0a210a09a2b0629d6bfe8be52006ddbd6a83204c2256cbf263e282cf953e2	CATALOG_NG	MATCH	app-android/src/androidTest/java/com/valoser/futacha/CompatSettingsSchemaInstrumentedTest.kt#catalogRefuseReferenceScreenShowsTitleUrlAndConfirmsEveryDeletion
catalog_tab_selector_item	BOTH	1	1	a9576f5cdbd697df0a1983fb6366b2ee7f9ec71ae179090c5915c2064c40d2ca	89f8503d2e814306dda9bf71fd41e9edaa816bdd044d7650a49786d034321a28	CATALOG	MATCH	app-android/src/androidTest/java/com/valoser/futacha/CompatSettingsSchemaInstrumentedTest.kt#catalogDisplaySwitchShowsCenteredLoadingIndicatorUntilNewLayoutIsReady
catalog_toolbar_listview_fragment	BOTH	1	1	a677dcdab0225f5c04701d1e522a2c8f6f7446b8f2e1bedc1e995218819267b0	436ab30ec1ff9086785dbed36e5ff9379da330daf602bc407b1329f2b035b290	CATALOG_TOOLBAR	MATCH	app-android/src/androidTest/java/com/valoser/futacha/CompatSettingsSchemaInstrumentedTest.kt#allReferenceToolbarEditorsUseTwoBottomPreviewsAndPersistImmediately
catalog_toolbar_listview_item	BOTH	1	1	c4550df0026a0ea151b81db3385263bafcdebbd8771a5c0ce6efa2ff0a8977be	c4550df0026a0ea151b81db3385263bafcdebbd8771a5c0ce6efa2ff0a8977be	CATALOG_TOOLBAR	MATCH	app-android/src/androidTest/java/com/valoser/futacha/CompatSettingsSchemaInstrumentedTest.kt#allReferenceToolbarEditorsUseTwoBottomPreviewsAndPersistImmediately
catalog_toolbar_spinner	FINAL_ONLY	1	1	882b1558c9676bd5bfbdacdb0a9a3d1e42e97b4e099dbf8868ed6571df49c42b	882b1558c9676bd5bfbdacdb0a9a3d1e42e97b4e099dbf8868ed6571df49c42b	CATALOG_TOOLBAR	MATCH	app-android/src/androidTest/java/com/valoser/futacha/CompatSettingsSchemaInstrumentedTest.kt#allReferenceToolbarEditorsUseTwoBottomPreviewsAndPersistImmediately
common_dialog_ascii2d_register	BOTH	1	1	57692858d74535240985a3d19cc05de5039c266c1f396f9b0701963dceeba0a1	57692858d74535240985a3d19cc05de5039c266c1f396f9b0701963dceeba0a1	IMAGE_SEARCH	MATCH	app-android/src/androidTest/java/com/valoser/futacha/CompatSettingsSchemaInstrumentedTest.kt#ascii2dAndImageCompressionDialogsMatchBothReferenceApks
common_toast	FINAL_ONLY	1	1	1c6bb3450ed14552aafcc82eada884975fb25a48f4bc672b56271ea152875f67	0949395f0a121963167d643716c6e01fa9f61f7c63fb1477db1f5bb116ea3a61	TRANSIENT	MATCH	app-android/src/androidTest/java/com/valoser/futacha/CompatSettingsSchemaInstrumentedTest.kt#closeToolbarRemainsUsableForConsecutiveTabsWhileUndoToastIsVisible
download_dir_list_item	FINAL_ONLY	1	1	b916c08829d9a4999c326c814bdff923a48bb360714e784f9b2a37dab29c1df9	b916c08829d9a4999c326c814bdff923a48bb360714e784f9b2a37dab29c1df9	STORAGE	MATCH	app-android/src/androidTest/java/com/valoser/futacha/CompatSettingsSchemaInstrumentedTest.kt#storageMatchesReferenceRowsDialogsRawValuesAndSeparateCacheUsage
drawer_history_fragment	BOTH	1	1	1754d171033d73ab62caa1be9a37e8f64a2f90ecfb3a6f2206e8de07717ed3d6	d6c9c2f1ec9588b44682f70b968cc4e523fc949ace8e7d8e06d0e592cbf40bb2	DRAWER	MATCH	app-android/src/androidTest/java/com/valoser/futacha/CompatSettingsSchemaInstrumentedTest.kt#drawerRowsAndFiveToolbarImagesMatchOldAndFinalApk
drawer_history_listview_item	BOTH	1	1	6a789bff02b151b49503bc3e8aee8ac94fc2b0ca75ae9d687e22c3be136f149e	7c5a17ebda772931bf0419d757072d1a20eb9b8e1b5822dd276c507356749393	DRAWER	MATCH	app-android/src/androidTest/java/com/valoser/futacha/CompatSettingsSchemaInstrumentedTest.kt#drawerRowsAndFiveToolbarImagesMatchOldAndFinalApk
drawer_listview_item	FINAL_ONLY	1	1	340339dec66a382744290410daf5100709055c8641630cb5c14765fe22ff2bd4	340339dec66a382744290410daf5100709055c8641630cb5c14765fe22ff2bd4	DRAWER	MATCH	app-android/src/androidTest/java/com/valoser/futacha/CompatSettingsSchemaInstrumentedTest.kt#drawerRowsAndFiveToolbarImagesMatchOldAndFinalApk
drawer_multi_fragment	BOTH	1	1	9fd01374ad13d9f2774e42df4672d277aaf4da7853fd573546e9a06de21fd2c8	9fd01374ad13d9f2774e42df4672d277aaf4da7853fd573546e9a06de21fd2c8	DRAWER	MATCH	app-android/src/androidTest/java/com/valoser/futacha/CompatSettingsSchemaInstrumentedTest.kt#drawerRowsAndFiveToolbarImagesMatchOldAndFinalApk
drawer_tab_dialog_context	BOTH	1	1	b0736af86f33e1088c249fbdafd35b5341d4dfd86645d6715b7f5219b779ee00	b0736af86f33e1088c249fbdafd35b5341d4dfd86645d6715b7f5219b779ee00	DRAWER	MATCH	app-android/src/androidTest/java/com/valoser/futacha/CompatSettingsSchemaInstrumentedTest.kt#drawerRowsAndFiveToolbarImagesMatchOldAndFinalApk
drawer_tab_dialog_context_listview_item	BOTH	1	1	795a923b5e4c6af905ece74f5a3917db74f006bfc6cb6c49c67bdb96028dde1e	795a923b5e4c6af905ece74f5a3917db74f006bfc6cb6c49c67bdb96028dde1e	DRAWER	MATCH	app-android/src/androidTest/java/com/valoser/futacha/CompatSettingsSchemaInstrumentedTest.kt#drawerRowsAndFiveToolbarImagesMatchOldAndFinalApk
drawer_tab_fragment	BOTH	1	1	4490600ca897263fac7217973f885e341aab6f1569ead54a5ed1bcf2f49cac24	4c601b658aaa7845244470d889f8ac58e5e2f8d64afe70a2a9270a6e25c567d5	DRAWER	MATCH	app-android/src/androidTest/java/com/valoser/futacha/CompatSettingsSchemaInstrumentedTest.kt#drawerRowsAndFiveToolbarImagesMatchOldAndFinalApk
drawer_tab_listview_item	BOTH	1	1	acd480801a9b8e45e43fe9b23b346f18a6781edbd23147a0c3757209d27942eb	e41b5dc7cd330da32ed0d4ece96fa324b10e452bfe7eef096919f8463540eec2	DRAWER	MATCH	app-android/src/androidTest/java/com/valoser/futacha/CompatSettingsSchemaInstrumentedTest.kt#drawerRowsAndFiveToolbarImagesMatchOldAndFinalApk
drawer_watcher_fragment	BOTH	1	1	bcc13c6f93f89182e84838678e2a1e39c05940b3f6994447b88d30533e69cdf1	3dbf47c299dc37c8933ba12782bc449eebe1318292ea506d739a0868a360add9	DRAWER	MATCH	app-android/src/androidTest/java/com/valoser/futacha/CompatSettingsSchemaInstrumentedTest.kt#drawerRowsAndFiveToolbarImagesMatchOldAndFinalApk
drawer_watcher_listview_item	BOTH	1	1	dcb29904bff838346f1112e934908af429848b8dfd717d373acbd5beb29bfa81	dcb29904bff838346f1112e934908af429848b8dfd717d373acbd5beb29bfa81	DRAWER	MATCH	app-android/src/androidTest/java/com/valoser/futacha/CompatSettingsSchemaInstrumentedTest.kt#drawerRowsAndFiveToolbarImagesMatchOldAndFinalApk
gallery_fragment	BOTH	1	1	b022a0fb8e54bab0b17d16e231ba88e6bcbbe66bdaca58977af1968a1f629bbf	b022a0fb8e54bab0b17d16e231ba88e6bcbbe66bdaca58977af1968a1f629bbf	GALLERY	MATCH	app-android/src/androidTest/java/com/valoser/futacha/CompatSettingsSchemaInstrumentedTest.kt#galleryMatchesApkSquareGridSaveModeAndOverflowCommands
gallery_gridview_item	BOTH	1	1	ce1b26d54d7aba15d5517c0a46b41074ff63cb4a620b06ddbbcbedbb40c66489	ce1b26d54d7aba15d5517c0a46b41074ff63cb4a620b06ddbbcbedbb40c66489	GALLERY	MATCH	app-android/src/androidTest/java/com/valoser/futacha/CompatSettingsSchemaInstrumentedTest.kt#galleryMatchesApkSquareGridSaveModeAndOverflowCommands
image_ng_dialog_edit	FINAL_ONLY	0	1	-	57fcc6c1a426ac9b58abd29cbcaf0cfd4f29d490a4f9814fa5ee0a106968b33f	IMAGE_NG	MATCH	app-android/src/androidTest/java/com/valoser/futacha/CompatSettingsSchemaInstrumentedTest.kt#imageNgManagerUnifiesUrlAndPhashRowsWithReferenceEditorThresholdAndClear
image_ng_dialog_phash_threshold	FINAL_ONLY	0	2	-	c509895adf431385f699435cc1b92e2fadffa1a885d8b1a1e20a34a0ef72849d	IMAGE_NG	MATCH	app-android/src/androidTest/java/com/valoser/futacha/CompatSettingsSchemaInstrumentedTest.kt#imageNgManagerUnifiesUrlAndPhashRowsWithReferenceEditorThresholdAndClear
image_ng_dialog_register	FINAL_ONLY	0	1	-	7e2e0d0d1beab108ec3d63b9c3a794b6032faccf4e82db14ea38e7021d847e54	IMAGE_NG	MATCH	app-android/src/androidTest/java/com/valoser/futacha/CompatSettingsSchemaInstrumentedTest.kt#imageNgManagerUnifiesUrlAndPhashRowsWithReferenceEditorThresholdAndClear
image_ng_list_item	FINAL_ONLY	0	1	-	7ec8864aea5ffe3b563c66edae8af6e53ee0a18d4bf80340d0bf7505bf25cf56	IMAGE_NG	MATCH	app-android/src/androidTest/java/com/valoser/futacha/CompatSettingsSchemaInstrumentedTest.kt#imageNgManagerUnifiesUrlAndPhashRowsWithReferenceEditorThresholdAndClear
license_listview_item	BOTH	1	1	868fe8c5c2b948957d38f23692dcdddc00878cb45ba72c12456b20b72bd2d970	868fe8c5c2b948957d38f23692dcdddc00878cb45ba72c12456b20b72bd2d970	INFO	MATCH	app-android/src/androidTest/java/com/valoser/futacha/CompatSettingsSchemaInstrumentedTest.kt#informationScreensUseFutachaHistoryAndCurrentLicenses
post_attach_preview_dialog	BOTH	1	1	6b1a58cdabaed07a2c23c3cfaf34a57abfdeee3bd9120e297b97c7c906619397	8191c9c5ae5e0b45dae29b7233c1adbc0db723346130a217525e1a5fd394b4c5	POST_ATTACHMENT	MATCH	app-android/src/androidTest/java/com/valoser/futacha/CompatSettingsSchemaInstrumentedTest.kt#postAttachmentPreviewMatchesReferenceOrderDimensionsAndVideoAffordance
post_dialog_ups_upload	BOTH	1	1	4462e65fac2503aeba49f75f2859f71f75961db95f95637f73605ea13f314042	f1cf1a880751902661bdf9948bc1505ba72157dfb279480bb919709dcba0a438	POST_UPS	MATCH	app-android/src/androidTest/java/com/valoser/futacha/CompatSettingsSchemaInstrumentedTest.kt#postUpsUploadDialogMatchesReferenceCopyDefaultsAndNonDismissibleFlow
post_drawing_dialog_pallete	BOTH	1	1	8871984c3bdaab7eab84eb58b97e841b3656a2bd059643b6652b612ea2774b72	8871984c3bdaab7eab84eb58b97e841b3656a2bd059643b6652b612ea2774b72	POST_DRAWING	MATCH	app-android/src/androidTest/java/com/valoser/futacha/CompatSettingsSchemaInstrumentedTest.kt#postDrawingDialogsBrushesAndHelpMatchBothReferenceApks
post_drawing_dialog_pallete_picker	BOTH	1	1	d931ed9e16c5552afb56555994bcceb568c5c655e2fb5d6d25edbad897ef5235	d931ed9e16c5552afb56555994bcceb568c5c655e2fb5d6d25edbad897ef5235	POST_DRAWING	MATCH	app-android/src/androidTest/java/com/valoser/futacha/CompatSettingsSchemaInstrumentedTest.kt#postDrawingDialogsBrushesAndHelpMatchBothReferenceApks
post_toolbar_listview_fragment	BOTH	1	1	da37a8844f49366e6de144123916579b6d43e6d959e037b3e36710e464f95d4c	29f1df6370c2c18952c1ce9725eb649a15938f7f0619ddb6e4bc48e1613145b5	POST_TOOLBAR	MATCH	app-android/src/androidTest/java/com/valoser/futacha/CompatSettingsSchemaInstrumentedTest.kt#allReferenceToolbarEditorsUseTwoBottomPreviewsAndPersistImmediately
post_toolbar_listview_item	BOTH	1	1	c416fa1abd052ac6a0cfe3f23e4aa5178666abfff1ecaa14511a0fd4e61f0b81	c416fa1abd052ac6a0cfe3f23e4aa5178666abfff1ecaa14511a0fd4e61f0b81	POST_TOOLBAR	MATCH	app-android/src/androidTest/java/com/valoser/futacha/CompatSettingsSchemaInstrumentedTest.kt#allReferenceToolbarEditorsUseTwoBottomPreviewsAndPersistImmediately
pull_to_refresh_header_horizontal	FINAL_ONLY	1	1	2089ee3655acb38642813b7b3407b8583a6b13f7a4e9f99ab4ca8ca868b22ed0	2089ee3655acb38642813b7b3407b8583a6b13f7a4e9f99ab4ca8ca868b22ed0	REFRESH_GESTURE	MATCH	app-android/src/androidTest/java/com/valoser/futacha/CompatSettingsSchemaInstrumentedTest.kt#catalogTopPullGestureRunsExactlyOneAdditionalRefresh
pull_to_refresh_header_vertical	FINAL_ONLY	1	1	def659a3c53c7de832d1dd4cf058d7055179c97e3cc2ad4424277ae8d990eb22	def659a3c53c7de832d1dd4cf058d7055179c97e3cc2ad4424277ae8d990eb22	REFRESH_GESTURE	MATCH	app-android/src/androidTest/java/com/valoser/futacha/CompatSettingsSchemaInstrumentedTest.kt#catalogTopPullGestureRunsExactlyOneAdditionalRefresh
setting_ptmt_edit_dialog	FINAL_ONLY	0	1	-	d87de1a27ef8c2ad98063b96a7bcfa5d5250509db4594be3af9b70918b57bf2e	SETTINGS	MATCH	app-android/src/androidTest/java/com/valoser/futacha/CompatSettingsSchemaInstrumentedTest.kt#settingPtmtEditDialogMatchesFinalApkFieldsActionsAndValidation
support_simple_spinner_dropdown_item	FINAL_ONLY	1	1	468379aeb0c55bf50a034aa59033be287aadefe3cc69e6b96aa9d4036b327208	468379aeb0c55bf50a034aa59033be287aadefe3cc69e6b96aa9d4036b327208	PLATFORM	SUPERSEDED	shared/src/commonTest/kotlin/compat/CompatPreferenceSchemaTest.kt#rootSettingsKeepTheReferenceCoreExactAndIsolateCurrentExtensions
thread_dialog_context	BOTH	1	1	ac3d6126b2e6e83a86ecec41ae2b520ecebbdfbd89ed7708d08d30a666a97f8a	ac3d6126b2e6e83a86ecec41ae2b520ecebbdfbd89ed7708d08d30a666a97f8a	THREAD	MATCH	app-android/src/androidTest/java/com/valoser/futacha/CompatSettingsSchemaInstrumentedTest.kt#blackThreadRendersOwnPostSelfQuoteUrlAndQuoteWithReferenceColors
thread_dialog_erase	BOTH	1	1	63771fa1e95713c6ea77bf3cf4485c8f09bdf3d8c116d7b3853fbc002f78e4fe	63771fa1e95713c6ea77bf3cf4485c8f09bdf3d8c116d7b3853fbc002f78e4fe	THREAD	MATCH	app-android/src/androidTest/java/com/valoser/futacha/CompatSettingsSchemaInstrumentedTest.kt#blackThreadRendersOwnPostSelfQuoteUrlAndQuoteWithReferenceColors
thread_dialog_save_html	BOTH	1	1	eae792d53b9923df75df5b0da40f0b902988039b1f25adeaf1eb2c981056bd71	eae792d53b9923df75df5b0da40f0b902988039b1f25adeaf1eb2c981056bd71	THREAD_SAVE	MATCH	app-android/src/androidTest/java/com/valoser/futacha/CompatSettingsSchemaInstrumentedTest.kt#threadSaveProgressMatchesReferenceTitleBarsAndNonDismissibleFlow
thread_dialog_save_mhtml	OLD_ONLY	1	0	5d3d7f70aef578ed12205a73bcbb282b33d8d7723d546712ef075cd507d0951b	-	THREAD_SAVE	SUPERSEDED	app-android/src/androidTest/java/com/valoser/futacha/CompatSettingsSchemaInstrumentedTest.kt#threadSaveProgressMatchesReferenceTitleBarsAndNonDismissibleFlow
thread_dialog_scroll	BOTH	1	1	70176cb519ee6c637a7fbdf1c1a2e7d555f46d476e5bcfd83685da1e317ac9a6	70176cb519ee6c637a7fbdf1c1a2e7d555f46d476e5bcfd83685da1e317ac9a6	THREAD	MATCH	app-android/src/androidTest/java/com/valoser/futacha/CompatSettingsSchemaInstrumentedTest.kt#blackThreadRendersOwnPostSelfQuoteUrlAndQuoteWithReferenceColors
thread_dialog_speech	BOTH	1	1	d0c9e8366974e62338af3e14c3b35b3109134802fc96fdacc55a2c5130af3984	d0c9e8366974e62338af3e14c3b35b3109134802fc96fdacc55a2c5130af3984	THREAD_TTS	MATCH	iosApp/iosAppUITests/IosAppUITests.swift#testToshiakiThreadExposesReadAloudCommand
thread_extraction_keyword	BOTH	1	1	0972ce8eecbab1788cca1efe344207013d5f91ae36637f1d9f85e3f6ff837e42	0972ce8eecbab1788cca1efe344207013d5f91ae36637f1d9f85e3f6ff837e42	THREAD	MATCH	app-android/src/androidTest/java/com/valoser/futacha/CompatSettingsSchemaInstrumentedTest.kt#blackThreadRendersOwnPostSelfQuoteUrlAndQuoteWithReferenceColors
thread_fragment	FINAL_ONLY	1	1	0f5c2be266bb187fec9b42b3294a23632521c8891b51aaa4b450e2b7007ec203	0f5c2be266bb187fec9b42b3294a23632521c8891b51aaa4b450e2b7007ec203	THREAD	MATCH	app-android/src/androidTest/java/com/valoser/futacha/CompatSettingsSchemaInstrumentedTest.kt#blackThreadRendersOwnPostSelfQuoteUrlAndQuoteWithReferenceColors
thread_ignore_dialog_add	BOTH	1	1	0f6bf823346d33f814e1fe495b75b7873115b2bc78b2169a6f11bf9342cc306d	7abfe2cb882bd33bbdba81fd15cf617834c5d79681197ff176bd75cf28b5fd0a	THREAD_NG	MATCH	app-android/src/androidTest/java/com/valoser/futacha/CompatSettingsSchemaInstrumentedTest.kt#threadReferenceNgManagersMatchDedicatedActivitiesScopesEditorsAndGlobalClear
thread_ignore_dialog_edit	BOTH	1	1	00215ca3fa2f85add2b1628bf375751fdd7f6ab31238f9c583900ff10f668ef5	d42e8382e5b7b7da044aaa91c7a6d354cbbee1ad7aee55d4ba66bbb3fc3f40fe	THREAD_NG	MATCH	app-android/src/androidTest/java/com/valoser/futacha/CompatSettingsSchemaInstrumentedTest.kt#threadReferenceNgManagersMatchDedicatedActivitiesScopesEditorsAndGlobalClear
thread_ignore_list_item	BOTH	1	1	99d5de9c58683fb30330fb23767c6f6512793e65d1f157077e15ad000da44beb	94057fba5cd5fedfb002091db311a6efcaece57f287fd1de11bf444a56db625f	THREAD_NG	MATCH	app-android/src/androidTest/java/com/valoser/futacha/CompatSettingsSchemaInstrumentedTest.kt#threadReferenceNgManagersMatchDedicatedActivitiesScopesEditorsAndGlobalClear
thread_listview_extract_window	BOTH	1	1	260027b6cd7051b2c4a6752677438dc5b2c4a76cd2c05face4e9482a7ff44548	260027b6cd7051b2c4a6752677438dc5b2c4a76cd2c05face4e9482a7ff44548	THREAD	MATCH	app-android/src/androidTest/java/com/valoser/futacha/CompatSettingsSchemaInstrumentedTest.kt#blackThreadRendersOwnPostSelfQuoteUrlAndQuoteWithReferenceColors
thread_listview_item	BOTH	2	2	ada93f230f8718effe9f1e292aa21181e9b8a4b9c1c861f57d6f7142d6e28248	9d290dc6f04cf469f232ebaf98dc153a92ecef4265c4e3be890e11c0a1f1aaf5	THREAD	MATCH	app-android/src/androidTest/java/com/valoser/futacha/CompatSettingsSchemaInstrumentedTest.kt#blackThreadRendersOwnPostSelfQuoteUrlAndQuoteWithReferenceColors
thread_listview_popup_window	BOTH	2	2	36674abac6a2994e9bce8f64c8681f06d0ae52547cfc1b2bf01c3baf0b97272a	3c5b1aa2a7869356c1f90e4c3b4a9712dc6f379a1824e13d0faea6b4a4dc81ca	THREAD	MATCH	app-android/src/androidTest/java/com/valoser/futacha/CompatSettingsSchemaInstrumentedTest.kt#blackThreadRendersOwnPostSelfQuoteUrlAndQuoteWithReferenceColors
thread_ng_register_dialog	FINAL_ONLY	0	1	-	894ef870b4578ea552c137907bd7de0954485e14c2fa3b86e47101aa83c2e408	THREAD_NG	MATCH	app-android/src/androidTest/java/com/valoser/futacha/CompatSettingsSchemaInstrumentedTest.kt#threadReferenceNgManagersMatchDedicatedActivitiesScopesEditorsAndGlobalClear
thread_refuse_dialog_add	BOTH	1	1	e291a9040edc71bbaa81c00084e44426c9be51c5e0f99322872a2189534188ad	cceeee435a785ec0eeb905f22db76c6652f7a4ebe7d920ffda32e63cfe378ae9	THREAD_NG	MATCH	app-android/src/androidTest/java/com/valoser/futacha/CompatSettingsSchemaInstrumentedTest.kt#threadReferenceNgManagersMatchDedicatedActivitiesScopesEditorsAndGlobalClear
thread_refuse_dialog_edit	BOTH	1	1	5492bb0a5908380a37f2ab60baaaaee03285c344c453f2766b89015dd09b0250	2931da29b2277c66c20dd4f15cf3301e2fc93bd54872c6e263ec4791c91ae8b5	THREAD_NG	MATCH	app-android/src/androidTest/java/com/valoser/futacha/CompatSettingsSchemaInstrumentedTest.kt#threadReferenceNgManagersMatchDedicatedActivitiesScopesEditorsAndGlobalClear
thread_refuse_list_item	BOTH	1	1	7c4d22c5db408559c7e337f8a4d95f3c723dddd92107f631e18ad0f2b4dbd73e	4feffb36c982b5ff70097370cf30ab2c4f15c5c0fc485a69ffe879a27e45264b	THREAD_NG	MATCH	app-android/src/androidTest/java/com/valoser/futacha/CompatSettingsSchemaInstrumentedTest.kt#threadReferenceNgManagersMatchDedicatedActivitiesScopesEditorsAndGlobalClear
thread_tab_fragment	BOTH	1	1	2db595cac14eed7fa3030c767bf4ea4f48cab04c46dd7ebf2f3d73613bd51209	2db595cac14eed7fa3030c767bf4ea4f48cab04c46dd7ebf2f3d73613bd51209	THREAD_TABS	MATCH	app-android/src/androidTest/java/com/valoser/futacha/CompatSettingsSchemaInstrumentedTest.kt#threadPagerSwipeSelectsAdjacentTabAndRestoresEachTabScrollState
thread_tab_selector_item	BOTH	1	1	328d0f12c54a16db9713bb6b867fc86bc9ef7853d7c8aef2c2536be5a8f22fa3	22903b2a631c721fb947d65a63d030efcb06697495b1addc683608081808d669	THREAD_TABS	MATCH	app-android/src/androidTest/java/com/valoser/futacha/CompatSettingsSchemaInstrumentedTest.kt#threadPagerSwipeSelectsAdjacentTabAndRestoresEachTabScrollState
thread_toolbar_listview_fragment	BOTH	1	1	d6476449adf77ede9a5d8ef3c059b2708fa3548884c6e26321517df0a72453f9	9f259f9c0a23c9d9a6076b7034ed0da023a59f26dbef8093f6c444ab6db5140f	THREAD_TOOLBAR	MATCH	app-android/src/androidTest/java/com/valoser/futacha/CompatSettingsSchemaInstrumentedTest.kt#allReferenceToolbarEditorsUseTwoBottomPreviewsAndPersistImmediately
thread_toolbar_listview_item	BOTH	1	1	dab2185911589474d2f779f30796ba7e4d24921dfe8e0ebb35f4b7bf1899ce2a	dab2185911589474d2f779f30796ba7e4d24921dfe8e0ebb35f4b7bf1899ce2a	THREAD_TOOLBAR	MATCH	app-android/src/androidTest/java/com/valoser/futacha/CompatSettingsSchemaInstrumentedTest.kt#allReferenceToolbarEditorsUseTwoBottomPreviewsAndPersistImmediately
viewer_info_popup_window	BOTH	1	1	02498bce72ca6a8b9ca9c4409d4a32e0ab21bc9f2728d27200e915270414c63b	02498bce72ca6a8b9ca9c4409d4a32e0ab21bc9f2728d27200e915270414c63b	VIEWER	MATCH	app-android/src/androidTest/java/com/valoser/futacha/CompatViewerGestureInstrumentedTest.kt#viewerSwipeMovesToNextAndPreviousImage
viewer_toolbar_listview_fragment	BOTH	1	1	042a097566cc5c64a5d70bf2ef5fec351264be0b9fce866655cf5ab3a1c4c659	e017f3c2b4cd1bebd915011b933490b0a9fab0aea0bc5837fe8f5c7c8ecfe1ee	VIEWER_TOOLBAR	MATCH	app-android/src/androidTest/java/com/valoser/futacha/CompatSettingsSchemaInstrumentedTest.kt#allReferenceToolbarEditorsUseTwoBottomPreviewsAndPersistImmediately
viewer_toolbar_listview_item	BOTH	1	1	f5e9b8a9588d0d75976f4e775fc928cb155a17c1395c2fce2c36da09661b382c	f5e9b8a9588d0d75976f4e775fc928cb155a17c1395c2fce2c36da09661b382c	VIEWER_TOOLBAR	MATCH	app-android/src/androidTest/java/com/valoser/futacha/CompatSettingsSchemaInstrumentedTest.kt#allReferenceToolbarEditorsUseTwoBottomPreviewsAndPersistImmediately
wait_dialog	BOTH	1	1	6ce17f9903481f473ea03c50004503309ef9159e42e49d7a32a5b2eebbffec57	6ce17f9903481f473ea03c50004503309ef9159e42e49d7a32a5b2eebbffec57	LOADING	MATCH	app-android/src/androidTest/java/com/valoser/futacha/CompatSettingsSchemaInstrumentedTest.kt#postSendUsesNonCancelableThemeLoadingDialogWhileRequestIsBlocked
