resource_type	old_count	final_count	union_count	old_sha256	final_sha256	status	evidence
anim	0	1	1	e3b0c44298fc1c149afbf4c8996fb92427ae41e4649b934ca495991b7852b855	e47461dd6ba56ef0dddccb4e0dcaa1da207f083f0e4cc055e703a8a1c3c6e45f	REVIEWED	app-android/src/androidTest/java/com/valoser/futacha/CompatSettingsSchemaInstrumentedTest.kt#threadInitialDefaultLoadingArtworkHasVisibleMotionWhileRequestIsBlocked
array	52	67	67	27ce5199cc8dfdddf77206e1ce3181c904ef963e09de0cf43a8bedd96ba8dc4e	6f1ce22e1368a86d8858daececcb55720354082999873b47fd50b7892043600b	REVIEWED	shared/src/commonTest/kotlin/compat/CompatPreferenceSchemaTest.kt#exactDiscreteDomainsMatchApk;shared/src/commonTest/kotlin/compat/CompatMediaSupportTest.kt#gallerySaveModeSelectsMediaForZipOrFolderBatchSave
color	2	3	3	55e92202260f6f5bdad2713f4761afea3a3d9719368ab0da97b5ad381d8c04b3	34edfb9395b69a74e179433bda470a8405c06034289df8da2cc52324ed88e772	REVIEWED	shared/src/commonTest/kotlin/compat/CompatibilityThemeTest.kt#baseColorsMatchTheReferenceApkResources;shared/src/commonTest/kotlin/compat/CompatibilityThemeTest.kt#threadHeaderAndBodyColorsMatchBothReferenceApks
dimen	2	2	2	80ac3bd71677a3e86a211031e2ba72feff1e2f5f119500c474a58a698a4f8e9c	80ac3bd71677a3e86a211031e2ba72feff1e2f5f119500c474a58a698a4f8e9c	REVIEWED	app-android/src/androidTest/java/com/valoser/futacha/CompatSettingsSchemaInstrumentedTest.kt#postAttachmentPreviewMatchesReferenceOrderDimensionsAndVideoAffordance
drawable	85	109	111	728ca20ca8acacc29a1d0bdcca85c56fbfae46a2f3aa045b1aa2c0029f61a605	e2e3e989bd45aaf3b75ecb119d28f2dd72d57e247cbb57b90b9166fd4d818122	REVIEWED	app-android/src/androidTest/java/com/valoser/futacha/CompatSettingsSchemaInstrumentedTest.kt#drawerRowsAndFiveToolbarImagesMatchOldAndFinalApk;shared/src/commonTest/kotlin/compat/CompatibilityCoreTest.kt#everyReferenceToolbarCommandUsesSurfaceSpecificFinalApkArtwork;app-android/src/androidTest/java/com/valoser/futacha/CompatSettingsSchemaInstrumentedTest.kt#threadDisplayOptionsMatchReferenceActivityPersistRawValuesAndReturnDirectly;app-android/src/androidTest/java/com/valoser/futacha/CompatSettingsSchemaInstrumentedTest.kt#postAttachmentPreviewMatchesReferenceOrderDimensionsAndVideoAffordance;app-android/src/androidTest/java/com/valoser/futacha/CompatSettingsSchemaInstrumentedTest.kt#mainBoardHandleDragReordersAndPersistsOnDrop;shared/src/commonTest/kotlin/compat/CompatibilityThemeTest.kt#loadingArtworkUsesTheDedicatedColorsFromBothReferenceApks
integer	2	2	3	c90f5f1b26197333d894eea7d27582b5649b0b6840c4d87db32094ebd8d3e293	119540adb01d408f01a663a555a62f0833a4d6900b9242701c00063ec83eb341	REVIEWED	shared/src/commonTest/kotlin/ui/image/ImageLoaderProviderTest.kt#imageCacheCleanServiceContractAppliesReferenceQuotaToLoaderConfig
string	364	446	454	2a5d1495cca9a4f7f9a11329bd37a31914041a9fdf2a6dcac46d245dd77cbcb1	8a889e3b18c5dc91ef0091052152811414f8339f35c336d2e05dfa134ca28ac5	REVIEWED	shared/src/commonTest/kotlin/compat/CompatPreferenceSchemaTest.kt#backupCompletionAndFailureCopyMatchesBothReferenceApks;shared/src/commonTest/kotlin/ui/compat/CompatUpsUploadTest.kt#uploaderAndIndexFailuresKeepTheReferenceHeadlines;shared/src/commonTest/kotlin/compat/CompatPostPlatformActionsTest.kt#deviceInfoUsesTheReferenceCompatibilityIdentityAndSeparators;shared/src/commonTest/kotlin/ui/compat/CompatThreadSaveProgressDialogTest.kt#completionAndCancellationRetainTheFinalApkFormattedCounts;shared/src/commonTest/kotlin/ui/compat/CompatThreadSpeechDialogTest.kt#reloadCountdownMatchesTheFinalApkFormattedString;app-android/src/androidTest/java/com/valoser/futacha/CompatSettingsSchemaInstrumentedTest.kt#imageFolderSaveUsesTheReferenceProgressAndCancellationFlow
style	2	4	4	6a6dbbcb2476aa9151bd2c98f61107a51d8c82db42814cb9a6aa7da73a91cf56	6f8cb18b1db94c9e80a6a605ee25a0436e5c3ba9926c972c2fc98f41ed4093ab	REVIEWED	shared/src/commonTest/kotlin/compat/CompatibilityThemeTest.kt#baseColorsMatchTheReferenceApkResources;shared/src/commonTest/kotlin/compat/CompatibilityThemeTest.kt#threadHeaderAndBodyColorsMatchBothReferenceApks
xml	10	11	11	de86902379235c19d13fed9717176e0683a03a32157e4bb88b6aab736a649b04	9a94baec656695551fe485f50a0e5e73e5a57df32abb8f5772fbd85ec5fbf3fe	REVIEWED	app-android/src/androidTest/java/com/valoser/futacha/CompatSettingsSchemaInstrumentedTest.kt#rootSettingsKeepReferenceRowsAndPutCurrentFeaturesInTheExtensionSection;app-android/src/androidTest/java/com/valoser/futacha/ThreadSavePlatformContractInstrumentedTest.kt#foregroundSaveServiceAndRequiredPermissionsArePackaged
