file	line	kind	alias	coordinate_or_plugin	version_ref	declared_version	declaration
build.gradle.kts	3	plugins	android-application	com.android.application	agp	"""9.4.0"""	alias(libs.plugins.android.application) apply false
build.gradle.kts	4	plugins	android-library	com.android.library	agp	"""9.4.0"""	alias(libs.plugins.android.library) apply false
build.gradle.kts	5	plugins	android-test	com.android.test	agp	"""9.4.0"""	alias(libs.plugins.android.test) apply false
build.gradle.kts	6	plugins	android-kotlin-multiplatform-library	com.android.kotlin.multiplatform.library	agp	"""9.4.0"""	alias(libs.plugins.android.kotlin.multiplatform.library) apply false
build.gradle.kts	7	plugins	androidx-baselineprofile	androidx.baselineprofile	baselineProfilePlugin	"""1.5.0-rc02"""	alias(libs.plugins.androidx.baselineprofile) apply false
build.gradle.kts	8	plugins	kotlin-multiplatform	org.jetbrains.kotlin.multiplatform	kotlin	"""2.4.10"""	alias(libs.plugins.kotlin.multiplatform) apply false
build.gradle.kts	9	plugins	kotlin-compose	org.jetbrains.kotlin.plugin.compose	kotlin	"""2.4.10"""	alias(libs.plugins.kotlin.compose) apply false
build.gradle.kts	10	plugins	compose-multiplatform	org.jetbrains.compose	composeMultiplatform	"""1.12.0"""	alias(libs.plugins.compose.multiplatform) apply false
build.gradle.kts	11	plugins	kotlin-serialization	org.jetbrains.kotlin.plugin.serialization	kotlin	"""2.4.10"""	alias(libs.plugins.kotlin.serialization) apply false
build.gradle.kts	12	plugins	google-services	com.google.gms.google-services	gms	"""4.5.0"""	alias(libs.plugins.google.services) apply false
build.gradle.kts	13	plugins	firebase-crashlytics	com.google.firebase.crashlytics	firebaseCrashlyticsGradle	"""3.0.8"""	alias(libs.plugins.firebase.crashlytics) apply false
shared/build.gradle.kts	4	plugins	kotlin-multiplatform	org.jetbrains.kotlin.multiplatform	kotlin	"""2.4.10"""	alias(libs.plugins.kotlin.multiplatform)
shared/build.gradle.kts	5	plugins	android-kotlin-multiplatform-library	com.android.kotlin.multiplatform.library	agp	"""9.4.0"""	alias(libs.plugins.android.kotlin.multiplatform.library)
shared/build.gradle.kts	6	plugins	kotlin-serialization	org.jetbrains.kotlin.plugin.serialization	kotlin	"""2.4.10"""	alias(libs.plugins.kotlin.serialization)
shared/build.gradle.kts	7	plugins	kotlin-compose	org.jetbrains.kotlin.plugin.compose	kotlin	"""2.4.10"""	alias(libs.plugins.kotlin.compose)
shared/build.gradle.kts	8	plugins	compose-multiplatform	org.jetbrains.compose	composeMultiplatform	"""1.12.0"""	alias(libs.plugins.compose.multiplatform)
shared/build.gradle.kts	9	plugin-id	-	org.jetbrains.kotlin.native.cocoapods	kotlin (classpath inherited)	2.4.10	"id(""org.jetbrains.kotlin.native.cocoapods"")"
shared/build.gradle.kts	67	libraries	jetbrains-compose-runtime	org.jetbrains.compose.runtime:runtime	composeMultiplatform	"""1.12.0"""	implementation(libs.jetbrains.compose.runtime)
shared/build.gradle.kts	68	libraries	jetbrains-compose-foundation	org.jetbrains.compose.foundation:foundation	composeMultiplatform	"""1.12.0"""	implementation(libs.jetbrains.compose.foundation)
shared/build.gradle.kts	69	libraries	jetbrains-compose-material3	org.jetbrains.compose.material3:material3	composeMultiplatformMaterial3	"""1.9.0"""	implementation(libs.jetbrains.compose.material3)
shared/build.gradle.kts	70	libraries	jetbrains-compose-material-icons	org.jetbrains.compose.material:material-icons-extended	material-icons-extended	"""1.7.3"""	implementation(libs.jetbrains.compose.material.icons)
shared/build.gradle.kts	71	libraries	jetbrains-compose-components-resources	org.jetbrains.compose.components:components-resources	composeMultiplatform	"""1.12.0"""	implementation(libs.jetbrains.compose.components.resources)
shared/build.gradle.kts	72	libraries	jetbrains-compose-components-ui-tooling-preview	org.jetbrains.compose.components:components-ui-tooling-preview	composeMultiplatform	"""1.12.0"""	implementation(libs.jetbrains.compose.components.ui.tooling.preview)
shared/build.gradle.kts	73	libraries	kotlinx-serialization-json	org.jetbrains.kotlinx:kotlinx-serialization-json	kotlinxSerializationJson	"""1.11.0"""	implementation(libs.kotlinx.serialization.json)
shared/build.gradle.kts	74	libraries	kotlinx-coroutines-core	org.jetbrains.kotlinx:kotlinx-coroutines-core	kotlinxCoroutines	"""1.11.0"""	implementation(libs.kotlinx.coroutines.core)
shared/build.gradle.kts	75	libraries	kotlinx-datetime	org.jetbrains.kotlinx:kotlinx-datetime	kotlinxDatetime	"""0.8.0"""	implementation(libs.kotlinx.datetime)
shared/build.gradle.kts	76	libraries	coil3-compose	io.coil-kt.coil3:coil-compose	coil3	"""3.6.2"""	implementation(libs.coil3.compose)
shared/build.gradle.kts	77	libraries	coil3-network-ktor	io.coil-kt.coil3:coil-network-ktor3	coil3	"""3.6.2"""	implementation(libs.coil3.network.ktor)
shared/build.gradle.kts	78	libraries	ktor-client-core	io.ktor:ktor-client-core	ktor	"""3.5.2"""	implementation(libs.ktor.client.core)
shared/build.gradle.kts	83	helper	-	org.jetbrains.kotlin:kotlin-test	kotlin (plugin inherited)	2.4.10	"implementation(kotlin(""test""))"
shared/build.gradle.kts	84	libraries	ktor-client-mock	io.ktor:ktor-client-mock	ktor	"""3.5.2"""	implementation(libs.ktor.client.mock)
shared/build.gradle.kts	89	libraries	androidx-datastore-preferences	androidx.datastore:datastore-preferences	datastore	"""1.2.1"""	implementation(libs.androidx.datastore.preferences)
shared/build.gradle.kts	90	libraries	ktor-client-okhttp	io.ktor:ktor-client-okhttp	ktor	"""3.5.2"""	implementation(libs.ktor.client.okhttp)
shared/build.gradle.kts	91	libraries	androidx-activity-compose	androidx.activity:activity-compose	activityCompose	"""1.13.0"""	implementation(libs.androidx.activity.compose)
shared/build.gradle.kts	92	libraries	jetbrains-compose-preview	org.jetbrains.compose.ui:ui-tooling-preview	composeMultiplatform	"""1.12.0"""	implementation(libs.jetbrains.compose.preview)
shared/build.gradle.kts	93	libraries	androidx-media3-exoplayer	androidx.media3:media3-exoplayer	media3	"""1.11.0"""	implementation(libs.androidx.media3.exoplayer)
shared/build.gradle.kts	94	libraries	androidx-media3-ui	androidx.media3:media3-ui	media3	"""1.11.0"""	implementation(libs.androidx.media3.ui)
shared/build.gradle.kts	95	libraries	androidx-documentfile	androidx.documentfile:documentfile	documentfile	"""1.1.0"""	implementation(libs.androidx.documentfile)
shared/build.gradle.kts	96	libraries	coil3-video	io.coil-kt.coil3:coil-video	coil3	"""3.6.2"""	implementation(libs.coil3.video)
shared/build.gradle.kts	97	libraries	coil3-gif	io.coil-kt.coil3:coil-gif	coil3	"""3.6.2"""	implementation(libs.coil3.gif)
shared/build.gradle.kts	100	libraries	penfeizhou-animation-apng	com.github.penfeizhou.android.animation:apng	penfeizhouAnimation	"""3.0.5"""	implementation(libs.penfeizhou.animation.apng)
shared/build.gradle.kts	103	libraries	penfeizhou-animation-awebp	com.github.penfeizhou.android.animation:awebp	penfeizhouAnimation	"""3.0.5"""	implementation(libs.penfeizhou.animation.awebp)
shared/build.gradle.kts	104	libraries	firebase-bom	com.google.firebase:firebase-bom	firebase	"""34.18.0"""	implementation(project.dependencies.platform(libs.firebase.bom))
shared/build.gradle.kts	105	libraries	firebase-analytics	com.google.firebase:firebase-analytics		{}	implementation(libs.firebase.analytics)
shared/build.gradle.kts	106	libraries	firebase-performance	com.google.firebase:firebase-perf		{}	implementation(libs.firebase.performance)
shared/build.gradle.kts	107	libraries	firebase-crashlytics	com.google.firebase:firebase-crashlytics		{}	implementation(libs.firebase.crashlytics)
shared/build.gradle.kts	108	libraries	mlkit-genai-summarization	com.google.mlkit:genai-summarization	mlkitGenaiSummarization	"""1.0.0-beta1"""	implementation(libs.mlkit.genai.summarization)
shared/build.gradle.kts	109	libraries	mlkit-genai-prompt	com.google.mlkit:genai-prompt	mlkitGenaiPrompt	"""1.0.0-beta4"""	implementation(libs.mlkit.genai.prompt)
shared/build.gradle.kts	110	libraries	google-play-billing	com.android.billingclient:billing	playBilling	"""9.1.0"""	implementation(libs.google.play.billing)
shared/build.gradle.kts	116	libraries	ktor-client-darwin	io.ktor:ktor-client-darwin	ktor	"""3.5.2"""	implementation(libs.ktor.client.darwin)
shared/build.gradle.kts	122	libraries	ktor-client-okhttp	io.ktor:ktor-client-okhttp	ktor	"""3.5.2"""	implementation(libs.ktor.client.okhttp)
shared/build.gradle.kts	129	libraries	jetbrains-compose-ui-tooling	org.jetbrains.compose.ui:ui-tooling	composeMultiplatform	"""1.12.0"""	"add(""androidRuntimeClasspath"", libs.jetbrains.compose.ui.tooling)"
app-android/build.gradle.kts	40	plugins	android-application	com.android.application	agp	"""9.4.0"""	alias(libs.plugins.android.application)
app-android/build.gradle.kts	41	plugins	androidx-baselineprofile	androidx.baselineprofile	baselineProfilePlugin	"""1.5.0-rc02"""	alias(libs.plugins.androidx.baselineprofile)
app-android/build.gradle.kts	42	plugins	kotlin-compose	org.jetbrains.kotlin.plugin.compose	kotlin	"""2.4.10"""	alias(libs.plugins.kotlin.compose)
app-android/build.gradle.kts	43	plugins	google-services	com.google.gms.google-services	gms	"""4.5.0"""	alias(libs.plugins.google.services) apply false
app-android/build.gradle.kts	44	plugins	firebase-crashlytics	com.google.firebase.crashlytics	firebaseCrashlyticsGradle	"""3.0.8"""	alias(libs.plugins.firebase.crashlytics) apply false
app-android/build.gradle.kts	205	libraries	androidx-compose-foundation-guarded	androidx.compose.foundation:foundation-android	composeFoundationGuard	"{""strictly"": ""1.12.0""}"	implementation(libs.androidx.compose.foundation.guarded) {
app-android/build.gradle.kts	213	libraries	ktor-client-core	io.ktor:ktor-client-core	ktor	"""3.5.2"""	implementation(libs.ktor.client.core)
app-android/build.gradle.kts	214	libraries	ktor-client-okhttp	io.ktor:ktor-client-okhttp	ktor	"""3.5.2"""	implementation(libs.ktor.client.okhttp)
app-android/build.gradle.kts	215	libraries	kotlinx-serialization-json	org.jetbrains.kotlinx:kotlinx-serialization-json	kotlinxSerializationJson	"""1.11.0"""	implementation(libs.kotlinx.serialization.json)
app-android/build.gradle.kts	217	libraries	androidx-core-ktx	androidx.core:core-ktx	coreKtx	"""1.19.0"""	implementation(libs.androidx.core.ktx)
app-android/build.gradle.kts	218	libraries	androidx-appcompat	androidx.appcompat:appcompat	appcompat	"""1.8.0"""	implementation(libs.androidx.appcompat)
app-android/build.gradle.kts	219	libraries	material	com.google.android.material:material	material	"""1.14.0"""	implementation(libs.material)
app-android/build.gradle.kts	220	libraries	androidx-compose-bom	androidx.compose:compose-bom	composeBom	"""2026.08.00"""	implementation(platform(libs.androidx.compose.bom))
app-android/build.gradle.kts	221	libraries	androidx-activity-compose	androidx.activity:activity-compose	activityCompose	"""1.13.0"""	implementation(libs.androidx.activity.compose)
app-android/build.gradle.kts	222	libraries	androidx-compose-ui	androidx.compose.ui:ui		{}	implementation(libs.androidx.compose.ui)
app-android/build.gradle.kts	223	libraries	androidx-compose-foundation	androidx.compose.foundation:foundation		{}	implementation(libs.androidx.compose.foundation)
app-android/build.gradle.kts	224	libraries	androidx-compose-material3	androidx.compose.material3:material3		{}	implementation(libs.androidx.compose.material3)
app-android/build.gradle.kts	225	libraries	androidx-compose-material-icons	androidx.compose.material:material-icons-extended		{}	implementation(libs.androidx.compose.material.icons)
app-android/build.gradle.kts	226	libraries	androidx-compose-ui-tooling-preview	androidx.compose.ui:ui-tooling-preview		{}	implementation(libs.androidx.compose.ui.tooling.preview)
app-android/build.gradle.kts	227	libraries	androidx-compose-ui-graphics	androidx.compose.ui:ui-graphics		{}	implementation(libs.androidx.compose.ui.graphics)
app-android/build.gradle.kts	228	libraries	coil-compose	io.coil-kt:coil-compose	coil	"""2.7.0"""	implementation(libs.coil.compose)
app-android/build.gradle.kts	229	libraries	androidx-work-runtime-ktx	androidx.work:work-runtime-ktx	workManager	"""2.11.2"""	implementation(libs.androidx.work.runtime.ktx)
app-android/build.gradle.kts	230	libraries	play-services-wearable	com.google.android.gms:play-services-wearable	playServicesWearable	"""20.0.1"""	implementation(libs.play.services.wearable)
app-android/build.gradle.kts	231	libraries	google-play-app-update	com.google.android.play:app-update	playAppUpdate	"""2.1.0"""	implementation(libs.google.play.app.update)
app-android/build.gradle.kts	232	libraries	google-play-app-update-ktx	com.google.android.play:app-update-ktx	playAppUpdate	"""2.1.0"""	implementation(libs.google.play.app.update.ktx)
app-android/build.gradle.kts	233	libraries	androidx-profileinstaller	androidx.profileinstaller:profileinstaller	profileInstaller	"""1.4.1"""	implementation(libs.androidx.profileinstaller)
app-android/build.gradle.kts	234	libraries	firebase-bom	com.google.firebase:firebase-bom	firebase	"""34.18.0"""	implementation(platform(libs.firebase.bom))
app-android/build.gradle.kts	235	libraries	firebase-analytics	com.google.firebase:firebase-analytics		{}	implementation(libs.firebase.analytics)
app-android/build.gradle.kts	236	libraries	firebase-crashlytics	com.google.firebase:firebase-crashlytics		{}	implementation(libs.firebase.crashlytics)
app-android/build.gradle.kts	237	libraries	firebase-performance	com.google.firebase:firebase-perf		{}	implementation(libs.firebase.performance)
app-android/build.gradle.kts	238	libraries	junit	junit:junit	junit	"""4.13.2"""	testImplementation(libs.junit)
app-android/build.gradle.kts	239	libraries	ktor-client-mock	io.ktor:ktor-client-mock	ktor	"""3.5.2"""	testImplementation(libs.ktor.client.mock)
app-android/build.gradle.kts	240	libraries	androidx-junit	androidx.test.ext:junit	junitVersion	"""1.3.0"""	androidTestImplementation(libs.androidx.junit)
app-android/build.gradle.kts	241	libraries	androidx-espresso-core	androidx.test.espresso:espresso-core	espressoCore	"""3.7.0"""	androidTestImplementation(libs.androidx.espresso.core)
app-android/build.gradle.kts	242	libraries	androidx-compose-bom	androidx.compose:compose-bom	composeBom	"""2026.08.00"""	androidTestImplementation(platform(libs.androidx.compose.bom))
app-android/build.gradle.kts	243	libraries	androidx-compose-ui-test-junit4	androidx.compose.ui:ui-test-junit4		{}	androidTestImplementation(libs.androidx.compose.ui.test.junit4)
app-android/build.gradle.kts	244	libraries	androidx-media3-exoplayer	androidx.media3:media3-exoplayer	media3	"""1.11.0"""	androidTestImplementation(libs.androidx.media3.exoplayer)
app-android/build.gradle.kts	245	libraries	coil3-compose	io.coil-kt.coil3:coil-compose	coil3	"""3.6.2"""	androidTestImplementation(libs.coil3.compose)
app-android/build.gradle.kts	246	libraries	coil3-network-ktor	io.coil-kt.coil3:coil-network-ktor3	coil3	"""3.6.2"""	androidTestImplementation(libs.coil3.network.ktor)
app-android/build.gradle.kts	247	libraries	ktor-client-mock	io.ktor:ktor-client-mock	ktor	"""3.5.2"""	androidTestImplementation(libs.ktor.client.mock)
app-android/build.gradle.kts	248	libraries	androidx-compose-ui-tooling	androidx.compose.ui:ui-tooling		{}	debugImplementation(libs.androidx.compose.ui.tooling)
app-android/build.gradle.kts	249	libraries	androidx-compose-ui-test-manifest	androidx.compose.ui:ui-test-manifest		{}	debugImplementation(libs.androidx.compose.ui.test.manifest)
app-wear/build.gradle.kts	26	plugins	android-application	com.android.application	agp	"""9.4.0"""	alias(libs.plugins.android.application)
app-wear/build.gradle.kts	27	plugins	kotlin-compose	org.jetbrains.kotlin.plugin.compose	kotlin	"""2.4.10"""	alias(libs.plugins.kotlin.compose)
app-wear/build.gradle.kts	28	plugins	kotlin-serialization	org.jetbrains.kotlin.plugin.serialization	kotlin	"""2.4.10"""	alias(libs.plugins.kotlin.serialization)
app-wear/build.gradle.kts	98	libraries	androidx-core-ktx	androidx.core:core-ktx	coreKtx	"""1.19.0"""	implementation(libs.androidx.core.ktx)
app-wear/build.gradle.kts	99	libraries	androidx-activity-compose	androidx.activity:activity-compose	activityCompose	"""1.13.0"""	implementation(libs.androidx.activity.compose)
app-wear/build.gradle.kts	100	libraries	androidx-wear-compose-foundation	androidx.wear.compose:compose-foundation	wearCompose	"""1.6.2"""	implementation(libs.androidx.wear.compose.foundation)
app-wear/build.gradle.kts	101	libraries	androidx-wear-compose-material3	androidx.wear.compose:compose-material3	wearCompose	"""1.6.2"""	implementation(libs.androidx.wear.compose.material3)
app-wear/build.gradle.kts	102	libraries	androidx-wear-remote-interactions	androidx.wear:wear-remote-interactions	wearRemoteInteractions	"""1.2.0"""	implementation(libs.androidx.wear.remote.interactions)
app-wear/build.gradle.kts	103	libraries	androidx-wear-tiles	androidx.wear.tiles:tiles	wearTiles	"""1.6.2"""	implementation(libs.androidx.wear.tiles)
app-wear/build.gradle.kts	104	libraries	androidx-wear-protolayout	androidx.wear.protolayout:protolayout	wearProtolayout	"""1.4.2"""	implementation(libs.androidx.wear.protolayout)
app-wear/build.gradle.kts	105	libraries	androidx-wear-protolayout-material	androidx.wear.protolayout:protolayout-material	wearProtolayout	"""1.4.2"""	implementation(libs.androidx.wear.protolayout.material)
app-wear/build.gradle.kts	106	libraries	androidx-wear-protolayout-expression	androidx.wear.protolayout:protolayout-expression	wearProtolayout	"""1.4.2"""	implementation(libs.androidx.wear.protolayout.expression)
app-wear/build.gradle.kts	107	libraries	play-services-wearable	com.google.android.gms:play-services-wearable	playServicesWearable	"""20.0.1"""	implementation(libs.play.services.wearable)
app-wear/build.gradle.kts	108	libraries	guava	com.google.guava:guava	guava	"""33.7.1-android"""	implementation(libs.guava)
app-wear/build.gradle.kts	109	libraries	kotlinx-serialization-json	org.jetbrains.kotlinx:kotlinx-serialization-json	kotlinxSerializationJson	"""1.11.0"""	implementation(libs.kotlinx.serialization.json)
app-wear/build.gradle.kts	111	libraries	androidx-wear-compose-ui-tooling	androidx.wear.compose:compose-ui-tooling	wearCompose	"""1.6.2"""	debugImplementation(libs.androidx.wear.compose.ui.tooling)
app-wear/build.gradle.kts	112	libraries	androidx-wear-tiles-renderer	androidx.wear.tiles:tiles-renderer	wearTiles	"""1.6.2"""	debugImplementation(libs.androidx.wear.tiles.renderer)
baselineprofile/build.gradle.kts	4	plugins	android-test	com.android.test	agp	"""9.4.0"""	alias(libs.plugins.android.test)
baselineprofile/build.gradle.kts	5	plugins	androidx-baselineprofile	androidx.baselineprofile	baselineProfilePlugin	"""1.5.0-rc02"""	alias(libs.plugins.androidx.baselineprofile)
baselineprofile/build.gradle.kts	61	libraries	androidx-benchmark-macro-junit4	androidx.benchmark:benchmark-macro-junit4	benchmark	"""1.4.1"""	implementation(libs.androidx.benchmark.macro.junit4)
baselineprofile/build.gradle.kts	62	libraries	androidx-junit	androidx.test.ext:junit	junitVersion	"""1.3.0"""	implementation(libs.androidx.junit)
baselineprofile/build.gradle.kts	63	libraries	androidx-test-uiautomator	androidx.test.uiautomator:uiautomator	uiAutomator	"""2.4.0"""	implementation(libs.androidx.test.uiautomator)
buildSrc/build.gradle.kts	10	libraries	android-gradle-api	com.android.tools.build:gradle-api	agp	"""9.4.0"""	implementation(libs.android.gradle.api) {
buildSrc/build.gradle.kts	15	libraries	kotlin-gradle-plugin-api	org.jetbrains.kotlin:kotlin-gradle-plugin-api	kotlin	"""2.4.10"""	implementation(libs.kotlin.gradle.plugin.api)
buildSrc/build.gradle.kts	16	libraries	asm	org.ow2.asm:asm	asm	"""9.9"""	implementation(libs.asm)
