file	sha256
build.gradle.kts	2773869ccee73ee287e339ba766b00b2146eb8cbfa9302575a83d18901bb6cb8
settings.gradle.kts	68ed2eec8d05e7cfda53d4caccce2ed65ca73319e02df32a25c13d62750b5eae
shared/build.gradle.kts	25647848c1b1be9edf3889d85a60a4a33bacddc987919879be2583566c05968c
app-android/build.gradle.kts	c9f478cb4b51eb2a49f7dafdeaa289a2d479d36d76c9f127d623b22e9579db31
app-wear/build.gradle.kts	5588bf9da6cb64e1f409f8d22dfcc18796ceb96a92858ecefe7499a5569128a2
baselineprofile/build.gradle.kts	5aacc615d09cd141172dc9dc6ae371ec55df6ec348fc2ef1ae80aaa9de8586f6
buildSrc/build.gradle.kts	271df9a75fb353aff538f45c60d805beb21c855df975b8642f95f8fc947f9566
buildSrc/settings.gradle.kts	25cf3200b9cefa9f7872e1d201948b6cf9c6afb4237a4849f0f76e8350c0447b
gradle/libs.versions.toml	ca0199cc737a1ad01bfba375128129abd5edd2724d4167524cde4ef746d10f21
iosApp/Podfile	190cb74add4a34e322b6f6c33d9f936095e70614e7bc99693788b97ccce71f47
iosApp/Podfile.lock	7a4ae6c6884a7909cea220f51476b5cad67b2b6abf46bc187830f3950bd30cb3
